Scheme Code,Fund Name,Fund Type,SD (Volatility %),Fund Age (yrs),1yr Return (%),3yr Return (%),5yr Return (%),Risk Score,Risk Category
152781,BAJAJ FINSERV LARGE CAP FUND - DIRECT PLAN - IDCW,Large Cap,13.18,1.88,-0.14,10.39,10.305,31.45,High
120841,quant Mid Cap Fund - Growth Option - Direct Plan,Mid Cap,14.04,13.5,0.79,16.03,17.3,26.32,Moderate
153199,Mirae Asset Small Cap Fund - Regular Plan - IDCW,Small Cap,15.41,1.43,5.58,15.684999999999999,15.285,32.13,High
101065,quant Mid Cap Fund - Growth Option - Regular Plan,Mid Cap,14.04,20.27,-0.25,14.75,15.56,19.01,Low
118666,NIPPON INDIA GROWTH MID CAP FUND - DIRECT Plan - IDCW Option,Mid Cap,17.79,13.52,0.26,14.3,13.76,25.37,Moderate
104482,DSP Midcap Fund - Regular Plan - IDCW,Mid Cap,17.43,19.65,-5.46,8.15,2.51,16.93,Low
152093,Edelweiss Multi Cap Fund - Direct Plan - IDCW,Multi Cap,14.84,2.69,0.05,15.17,13.01,35.45,Very High
147701,Motilal Oswal Large and Midcap Fund - Regular Plan Growth,Mid Cap,18.5,6.72,4.39,22.24,18.96,35.47,Very High
141225,Mahindra Manulife Multi Cap Fund - Regular Plan - IDCW,Multi Cap,16.71,9.14,-1.63,11.97,8.58,27.61,High
118665,Nippon India Growth Mid Cap Fund - Direct Plan Growth Plan - Bonus Option,Mid Cap,15.85,13.51,8.12,22.68,20.81,24.55,Moderate
148509,Sundaram Large Cap Fund (Formerly Known as Sundaram Blue Chip  Fund)  Direct Plan - Reinvestment of Income Distribution cum Capital Withdrawal (IDCW),Large Cap,14.82,5.74,-9.51,2.6,3.6,30.68,High
153726,Bank of India Mid Cap Fund - Regular Plan Growth,Mid Cap,15.15,0.87,2.55,15.905000000000001,14.23,35.63,Very High
120656,UTI Large Cap Fund - Direct Plan - Growth Option,Large Cap,13.07,13.52,-5.01,9.05,9.3,23.97,Moderate
115270,Union Flexi Cap Fund - Growth Option,Flexi Cap,14.16,15.06,-1.02,11.73,11.07,20.88,Low
142108,Mahindra Manulife Mid Cap Fund - Direct Plan - IDCW,Mid Cap,17.1,8.42,3.42,17.87,13.25,29.07,High
110606,BANK OF INDIA Large & Mid Cap Fund Regular Plan-Bonus,Large & Mid Cap,13.29,17.69,3.65,14.72,12.63,15.38,Low
113179,NIPPON INDIA SMALL CAP FUND - IDCW Option,Small Cap,69.97,15.8,0.76,9.83,11.77,39.68,Very High
151999,LIC MF Mid Cap Fund-Direct Plan-IDCW,Mid Cap,16.13,2.94,3.73,15.905000000000001,14.23,32.62,High
100650,UTI Large Cap Fund - Regular Plan - IDCW,Large Cap,13.27,20.27,-8.29,5.33,4.82,16.39,Low
119177,Tata Mid Cap Fund - Direct Plan- IDCW Option,Mid Cap,15.15,13.52,3.3,18.45,16.44,24.86,Moderate
101824,Tata Large & Mid Cap Fund- Regular Plan - Growth Option,Large & Mid Cap,14.72,20.27,-7.21,8.11,10.6,20.73,Low
120827,quant Small Cap Fund - IDCW Option - Direct Plan,Small Cap,15.64,13.5,8.86,21.31,20.21,22.47,Moderate
154226,Old Bridge Flexi Cap Fund Regular Growth,Flexi Cap,12.32,0.35,-1.0350000000000001,12.55,10.89,35.29,Very High
152738,Franklin India Multi Cap Fund - Growth,Multi Cap,15.33,1.95,2.82,15.17,13.01,33.29,Very High
113153,DSP Small Cap Fund - Regular - IDCW,Small Cap,18.68,15.93,0.53,9.03,7.71,16.71,Low
147840,Mahindra Manulife Large & Mid Cap Fund - Direct Plan -Growth,Large & Mid Cap,14.37,6.52,0.31,14.65,14.84,31.75,High
152938,TRUSTMF SMALL CAP FUND -REGULAR PLAN- IDCW,Small Cap,16.48,1.68,22.8,15.684999999999999,15.285,29.38,High
149185,Kotak Multicap Fund-Direct Plan-Growth,Multi Cap,15.47,4.76,6.36,20.25,13.01,31.23,High
120157,Kotak Large & Midcap Fund - IDCW-Direct,Mid Cap,15.03,13.52,2.23,16.23,15.53,24.15,Moderate
153609,BAJAJ FINSERV SMALL CAP FUND - REGULAR - GROWTH,Small Cap,16.82,0.97,3.775,15.684999999999999,15.285,35.19,Very High
134958,JM Large Cap Fund (Direct) - Annual IDCW,Large Cap,14.16,11.03,-1.25,12.33,12.57,26.34,Moderate
118535,Franklin India Flexi Cap Fund - Direct - Growth,Flexi Cap,13.54,13.52,-3.3,14.56,14.45,28.24,High
138312,PGIM India Large Cap Fund - Direct Plan - Growth,Large Cap,13.54,10.34,-3.16,8.71,8.82,24.77,Moderate
147479,Mirae Asset Midcap Fund - Regular Plan-Growth Option,Mid Cap,15.62,6.95,8.4,18.55,16.08,25.87,Moderate
141249,Union Largecap Fund - Direct Plan - IDCW Option,Large Cap,13.66,9.14,-3.15,9.51,9.99,27.13,Moderate
102875,Kotak-Small Cap Fund - Growth,Small Cap,15.43,20.27,-0.75,12.97,13.15,17.74,Low
146128,CANARA ROBECO SMALL CAP FUND - REGULAR PLAN - IDCW (Payout/Reinvestment),Small Cap,16.16,7.39,-4.06,10.68,12.32,32.93,Very High
150798,WhiteOak Capital Large Cap Fund Direct Plan IDCW,Large Cap,12.65,3.6,0.18,14.75,10.305,32.29,High
129647,Union Small Cap Fund - Regular Plan - Growth Option,Small Cap,18.23,12.06,15.09,19.0,16.68,15.29,Low
153869,Samco Small Cap Fund - Regular Plan,Small Cap,18.19,0.58,3.775,15.684999999999999,15.285,36.12,Very High
153325,Helios Mid Cap Fund - Regular Plan - IDCW Option,Mid Cap,16.71,1.31,13.66,15.905000000000001,14.23,23.86,Moderate
144547,TATA Flexi Cap Fund - Direct Plan - Payout of Income Distribution cum capital withdrawal option ,Flexi Cap,13.62,7.07,-7.54,11.71,10.8,35.84,Very High
119249,DSP Large Cap Fund - Direct Plan - IDCW,Large Cap,15.96,13.52,-12.25,3.85,1.86,26.26,Moderate
153100,Groww Multicap Fund - Regular - Growth,Multi Cap,15.75,1.56,11.52,15.17,13.01,24.54,Moderate
150856,Union Multicap Fund - Regular Plan - IDCW Option,Multi Cap,14.83,3.54,5.55,15.63,13.01,28.83,High
149096,Nippon India Flexi Cap Fund - Regular Plan - IDCW Option,Flexi Cap,135.0,4.89,-0.83,12.13,10.89,78.8,Very High
108596,Bandhan Large & Mid Cap Fund - Regular Plan - Growth,Large & Mid Cap,13.52,18.1,3.96,19.57,16.96,19.91,Low
111642,Taurus Mid Cap Fund - Regular Plan - Payout of Income Distribution cum Capital Withdrawal option,Mid Cap,16.52,17.52,-5.31,10.75,11.36,23.81,Moderate
150348,WhiteOak Capital Flexi Cap Fund Regular Plan IDCW,Flexi Cap,13.13,3.93,1.69,15.53,10.89,31.32,High
149095,Nippon India Flexi Cap Fund - Direct Plan - IDCW Option,Flexi Cap,14.57,4.89,0.43,13.58,10.89,30.74,High
114458,Kotak Large Cap Fund - Growth,Large Cap,13.27,15.52,-3.38,10.79,10.44,21.84,Low
120599,ICICI Prudential Multicap Fund - Direct Plan -  Growth,Multi Cap,15.87,13.52,5.62,18.28,16.8,22.59,Moderate
149094,Nippon India Flexi Cap Fund - Direct Plan - Growth Plan - Growth Option,Flexi Cap,14.57,4.89,0.43,13.58,10.89,30.74,High
152107,QUANTUM SMALL CAP FUND - DIRECT PLAN GROWTH OPTION,Small Cap,15.63,2.68,5.72,15.684999999999999,15.285,30.81,High
112931,Mirae Asset Large & Midcap Fund - Regular Plan - IDCW,Mid Cap,16.09,15.99,-4.53,5.39,3.12,16.84,Low
120504,Axis Midcap Fund - Direct Plan - IDCW,Mid Cap,17.02,13.52,-3.37,8.53,5.33,21.56,Low
118988,HDFC Mid Cap Fund - IDCW Option - Direct Plan,Mid Cap,15.25,13.52,-0.95,12.8,12.45,24.14,Moderate
145139,Invesco India Smallcap Fund - Regular Plan - Growth,Small Cap,16.98,7.69,10.3,23.55,19.58,28.61,High
120596,ICICI Prudential Large & Mid Cap Fund - Direct Plan - Growth,Large & Mid Cap,13.64,13.52,2.62,18.12,18.41,25.84,Moderate
150815,JM Midcap Fund (Direct) - Growth,Mid Cap,17.35,3.62,8.63,23.08,14.23,33.77,Very High
106143,Invesco India Large & Mid Cap Fund - Regular Plan - IDCW (Payout / Reinvestment),Large & Mid Cap,18.65,18.91,-2.69,15.54,13.0,24.09,Moderate
152385,PGIM India Large and Midcap Fund - Regular Plan - IDCW Option,Mid Cap,15.68,2.4,-6.96,15.905000000000001,14.23,45.01,Very High
146131,CANARA ROBECO SMALL CAP FUND - DIRECT PLAN - IDCW (Payout/Reinvestment),Small Cap,16.16,7.39,-2.94,12.05,14.18,33.54,Very High
149531,Sundaram Focused Fund (Formerly Known as Principal Focused Multicap Fund)- Income Distribution CUM Capital Withdrawal Option (IDCW),Multi Cap,14.86,4.51,-8.9,2.21,13.01,39.07,Very High
153628,JM Large & Mid Cap Fund (Regular) - IDCW,Large & Mid Cap,14.94,0.94,0.45,14.77,12.63,36.35,Very High
130504,HDFC Small Cap Fund - IDCW Option - Direct Plan,Small Cap,16.62,12.03,-8.56,6.34,8.7,29.14,High
106260,NIPPON INDIA GROWTH MID CAP FUND - INSTITUTIONAL Plan - IDCW Option,Mid Cap,17.23,18.92,1.48,16.5,15.38,20.57,Low
149020,PGIM India Small Cap Fund - Regular Plan - Growth Option,Small Cap,15.18,4.94,5.93,15.06,15.285,27.79,High
153309,BAJAJ FINSERV MULTI CAP FUND - DIRECT - GROWTH,Multi Cap,15.02,1.35,5.22,15.17,13.01,31.1,High
130496,HDFC Large and Mid Cap Fund - Growth Option,Large & Mid Cap,14.86,12.03,-0.55,15.19,15.73,28.23,High
100080,DSP Flexi Cap Fund - Regular Plan - IDCW,Flexi Cap,17.02,20.27,-9.26,3.61,1.32,16.2,Low
109522,JM Flexicap Fund (Regular) - Growth option,Flexi Cap,14.67,17.79,-1.67,15.46,16.35,24.18,Moderate
152108,QUANTUM SMALL CAP FUND - REGULAR PLAN GROWTH OPTION,Small Cap,15.64,2.68,4.22,15.684999999999999,15.285,32.51,High
134956,JM Large Cap Fund (Direct) - Monthly IDCW ,Large Cap,14.16,11.03,-1.25,12.33,12.57,26.34,Moderate
141926,Axis Flexi Cap fund - Direct Plan - IDCW,Flexi Cap,14.56,8.62,-3.29,9.58,4.76,26.15,Moderate
152584,TRUSTMF Flexi Cap Fund-Direct Plan- Growth,Flexi Cap,14.0,2.2,3.58,12.55,10.89,28.95,High
102941,SBI MIDCAP FUND - REGULAR PLAN - GROWTH,Mid Cap,13.86,20.27,-0.08,12.47,14.43,16.92,Low
150188,BARODA BNP PARIBAS LARGE CAP Fund - Direct Plan - IDCW Option,Large Cap,16.51,4.32,-10.52,3.2,10.305,39.2,Very High
152307,DSP Multicap Fund - Regular - Growth,Multi Cap,14.35,2.44,-0.31,15.17,13.01,35.91,Very High
150187,BARODA BNP PARIBAS LARGE CAP Fund - Direct Plan - Growth Option,Large Cap,12.79,4.32,-2.22,12.98,10.305,32.89,High
118871,Taurus Large Cap Fund - Direct Plan - Payout of Income Distribution cum Capital Withdrawal option,Large Cap,12.48,13.51,-0.81,12.52,10.72,21.87,Low
140225,Edelweiss Mid Cap Fund - Regular Plan - Growth Option,Mid Cap,15.32,9.61,4.5,22.54,18.34,31.2,High
118531,Franklin India Large Cap Fund- Direct - Growth,Large Cap,12.88,13.52,-2.29,11.32,9.79,22.45,Moderate
100380,Nippon India Vision Large & Midcap Fund-GROWTH PLAN-Growth Option,Mid Cap,14.59,20.27,-0.18,16.65,14.85,19.89,Low
149883,SBI Multicap Fund- Regular Plan- Income Distribution cum Capital Withdrawal Option (IDCW),Multi Cap,13.14,4.32,-2.39,13.96,13.01,35.11,Very High
150386,Baroda BNP Paribas Flexi Cap Fund - Regular Plan - IDCW Option,Flexi Cap,17.45,3.88,-9.74,6.2,10.89,40.45,Very High
152613,JM Small Cap Fund (Regular) - IDCW Option,Small Cap,19.96,2.04,10.4,15.684999999999999,15.285,27.89,High
100631,quant Multi Cap Fund-GROWTH OPTION - Regular Plan,Multi Cap,15.26,20.27,2.66,11.71,12.4,12.71,Low
146771,HSBC Large & Mid Cap Fund - Regular Growth,Large & Mid Cap,15.01,7.27,9.3,18.45,15.1,24.01,Moderate
119213,DSP Small Cap Fund - Direct Plan - IDCW,Small Cap,18.69,13.51,1.41,9.97,8.69,19.21,Low
146196,Edelweiss Small Cap Fund - Direct Plan - Growth,Small Cap,15.65,7.4,4.96,18.76,18.7,30.63,High
151796,360 ONE FLEXICAP FUND-DIRECT PLAN- GROWTH,Flexi Cap,15.37,3.01,4.49,18.08,10.89,32.64,High
120186,ICICI Prudential US Bluechip Equity Fund - Direct Plan -  Growth,Large Cap,15.07,13.51,17.8,14.32,11.54,14.88,Low
120413,Invesco India Multicap Fund - Direct Plan - Growth Option,Multi Cap,16.21,13.52,-1.66,15.65,13.52,27.65,High
152939,TRUSTMF SMALL CAP FUND -DIRECT PLAN-GROWTH,Small Cap,16.48,1.68,24.69,15.684999999999999,15.285,31.52,High
118668,Nippon India Growth Mid Cap Fund - Direct Plan Growth Plan - Growth Option,Mid Cap,15.85,13.52,8.12,22.68,20.81,24.54,Moderate
134954,JM Large Cap Fund (Regular) - Quarterly IDCW,Large Cap,14.16,11.03,-2.75,10.77,11.27,26.42,Moderate
152136,Helios Flexi Cap Fund - Regular Plan - Growth Option,Flexi Cap,16.21,2.65,6.77,12.55,10.89,25.86,Moderate
140228,Edelweiss Mid Cap Fund - Direct Plan - Growth Option,Mid Cap,15.32,9.61,5.82,24.18,20.02,31.57,High
150913,Mahindra Manulife Small Cap Fund - Direct Plan - IDCW,Small Cap,17.09,3.57,6.73,21.86,15.285,34.31,Very High
144543,TATA Flexi Cap Fund Direct Plan - Reinvestment of Income Distribution cum capital withdrawal option,Flexi Cap,13.62,7.83,-7.54,11.71,10.8,35.09,Very High
140811,Groww Largecap Fund (formerly known as Indiabulls Bluechip Fund)- Direct Plan- Quarterly - Income Distribution cum capital withdrawal Option (Payout & Reinvestment),Large Cap,13.57,9.35,-0.55,11.86,11.47,26.11,Moderate
154063,Groww Small Cap Fund-Direct-Growth,Small Cap,19.91,0.43,3.775,15.684999999999999,15.285,36.95,Very High
141226,Mahindra Manulife Multi Cap Fund - Direct Plan -Growth,Multi Cap,15.27,9.14,6.09,19.44,17.67,27.37,Moderate
140174,Edelweiss Large and Mid Cap Fund - Direct Plan - IDCW Option,Large & Mid Cap,14.62,9.61,2.44,16.42,12.92,26.69,Moderate
153308,BAJAJ FINSERV MULTI CAP FUND - REGULAR - IDCW,Multi Cap,15.02,1.35,3.67,15.17,13.01,32.82,High
102529,ICICI Prudential MidCap Fund - IDCW,Mid Cap,19.56,20.27,1.66,12.86,7.93,14.76,Low
143788,NAVI FLEXI CAP FUND - REGULAR PLAN QUARTERLY IDCW PAYOUT,Flexi Cap,15.34,8.0,6.8,11.29,11.37,19.47,Low
114565,Axis Midcap Fund - Regular Plan - IDCW,Mid Cap,17.01,15.37,-4.35,7.38,4.18,19.52,Low
153034,Groww Multicap Fund - Direct - Growth,Multi Cap,15.75,1.56,13.59,15.17,13.01,23.13,Moderate
153727,Bank of India Mid Cap Fund - Regular Plan IDCW,Mid Cap,15.14,0.87,2.55,15.905000000000001,14.23,35.62,Very High
148405,BANK OF INDIA Flexi Cap Fund Regular Plan -Growth,Flexi Cap,14.35,6.02,7.27,19.97,16.13,28.68,High
149532,Sundaram Focused Fund (Formerly Known as Principal Focused Multicap Fund)-Growth Option,Multi Cap,13.01,4.51,-1.08,10.32,13.01,31.55,High
152942,Helios Large & Mid Cap Fund - Direct Plan - IDCW Option,Large & Mid Cap,15.98,1.68,7.71,14.77,12.63,28.0,High
150209,BARODA BNP PARIBAS Mid Cap Fund - Regular Plan - Growth Option,Mid Cap,14.7,4.32,8.87,18.99,14.23,27.68,High
106823,ICICI Prudential Smallcap Fund - Growth,Small Cap,14.16,18.72,-0.89,12.08,14.15,19.13,Low
118652,NIPPON INDIA MULTI CAP FUND - DIRECT Plan - IDCW Option,Multi Cap,16.05,13.52,-6.81,9.06,12.46,29.24,High
120163,Kotak-Small Cap Fund - Payout of Income Distribution cum capital withdrawal option - Direct,Small Cap,15.43,13.52,0.36,14.29,14.56,24.77,Moderate
150662,LIC MF Multi Cap Fund-Regular Plan-IDCW,Multi Cap,15.36,3.69,6.57,18.3,13.01,30.15,High
100669,UTI - Flexi Cap Fund-Growth Option,Flexi Cap,13.93,20.27,-4.78,8.05,5.91,15.0,Low
110599,BANK OF INDIA Large & Mid Cap Fund Eco Plan- Growth,Large & Mid Cap,13.28,17.69,4.4,15.54,13.3,15.39,Low
133710,LIC MF Large & Mid Cap Fund-Direct Plan-Growth,Large & Mid Cap,14.88,11.37,0.84,16.64,14.1,27.4,Moderate
119598,SBI Large Cap FUND-DIRECT PLAN -GROWTH,Large Cap,13.32,13.52,-0.49,10.67,11.8,21.33,Low
141410,NAVI Large & Midcap Fund - Regular Half Yearly IDCW Payout,Mid Cap,15.57,5.45,0.74,9.62,15.12,31.18,High
100663,UTI Large & Mid Cap Fund - Regular Plan - IDCW,Large & Mid Cap,13.45,20.27,1.15,17.02,15.17,18.33,Low
112098,Invesco India Largecap Fund - Regular Plan - Growth,Large Cap,14.89,16.87,0.4,13.47,12.53,19.58,Low
118634,NIPPON INDIA LARGE CAP FUND - DIRECT Plan - IDCW Option,Large Cap,14.2,13.51,-6.27,7.68,9.38,25.2,Moderate
151920,NJ Flexi Cap Fund - Regular Plan - Growth Option,Flexi Cap,12.49,2.84,-5.07,12.55,10.89,37.41,Very High
145676,BANK OF INDIA Small Cap Fund Regular Plan IDCW,Small Cap,16.87,7.53,14.67,21.27,17.32,21.93,Low
100651,UTI Large Cap Fund - Regular Plan - Growth Option,Large Cap,13.07,20.27,-5.77,8.13,8.36,17.04,Low
148404,BANK OF INDIA Flexi Cap Fund Direct Plan -Growth,Flexi Cap,14.37,6.02,8.82,21.71,17.88,28.89,High
151412,Mirae Asset Flexi Cap Fund - Direct Plan - Growth,Flexi Cap,13.69,3.36,2.42,14.23,10.89,30.24,High
152821,ITI Large & Midcap Fund - Direct Plan - Growth,Mid Cap,16.44,1.82,-0.0,15.905000000000001,14.23,38.05,Very High
153542,Unifi Flexi Cap Fund - Regular Growth,Flexi Cap,13.56,1.08,1.01,12.55,10.89,32.76,High
147842,Mahindra Manulife Large & Mid Cap Fund - Regular Plan - IDCW,Large & Mid Cap,16.92,6.52,-8.72,6.13,5.29,32.77,High
125496,SBI Small Cap Fund - Direct Plan - Income Distribution cum Capital Withdrawal Option (IDCW),Small Cap,14.14,12.64,2.72,14.02,14.92,22.55,Moderate
151813,Mirae Asset Multicap Fund - Regular Plan - IDCW,Multi Cap,14.15,2.88,1.36,15.17,13.01,33.52,Very High
147703,Motilal Oswal Large and Midcap Fund Regular - IDCW Payout/Reinvestment,Mid Cap,18.98,6.72,-2.92,13.87,11.08,34.67,Very High
112278,Axis Large Cap Fund - Regular Plan - IDCW,Large Cap,15.14,16.5,-10.43,1.02,-1.22,17.66,Low
151799,360 ONE FLEXICAP FUND-REGULAR PLAN- GROWTH,Flexi Cap,15.37,3.01,2.94,16.25,10.89,32.45,High
152310,DSP Multicap Fund - Direct - Growth,Multi Cap,14.35,2.44,1.12,15.17,13.01,34.31,Very High
150915,Mahindra Manulife Small Cap Fund - Direct Plan - Growth,Small Cap,16.7,3.57,11.1,23.51,15.285,31.66,High
120727,UTI Mid Cap Fund - Direct Plan - IDCW,Mid Cap,15.15,13.52,0.78,14.44,13.81,23.85,Moderate
119070,DSP Midcap Fund - Direct Plan - IDCW,Mid Cap,17.39,13.52,-4.48,9.2,3.53,23.1,Moderate
102528,ICICI Prudential MidCap Fund - Growth,Mid Cap,17.66,20.27,10.71,23.02,17.58,15.09,Low
153326,Helios Mid Cap Fund - Direct Plan - Growth Option,Mid Cap,16.69,1.31,15.33,15.905000000000001,14.23,23.23,Moderate
145675,BANK OF INDIA Small Cap Fund Direct Plan IDCW,Small Cap,16.9,7.53,16.3,23.05,19.95,22.05,Low
150914,Mahindra Manulife Small Cap Fund - Regular Plan - IDCW,Small Cap,17.13,3.57,5.03,19.95,15.285,34.41,Very High
118873,Taurus Mid Cap Fund - Direct Plan - Payout of Income Distribution cum Capital Withdrawal option,Mid Cap,16.52,13.51,-4.85,11.22,11.79,27.8,High
149533,Sundaram Focused Fund (Formerly Known as Principal Focused Multicap Fund)- Direct Plan - Growth Option,Multi Cap,13.01,4.51,-0.1,11.43,13.01,30.91,High
101591,Aditya Birla Sun Life Midcap Fund -REGULAR - IDCW,Mid Cap,16.92,20.27,-1.71,9.94,8.02,14.95,Low
103215,SBI Flexicap Fund - REGULAR PLAN -Growth Option,Flexi Cap,12.75,20.27,-3.0,8.58,8.94,14.37,Low
154153,Parag Parikh Large Cap Fund - Regular Plan - IDCW,Large Cap,17.83,0.42,-3.15,10.39,10.305,38.15,Very High
149383,Axis Multicap Fund - Direct Growth,Multi Cap,14.43,4.54,5.05,20.38,13.01,32.44,High
145207,TATA SmallCap Fund - Direct Plan - Payout of Income Distribution cum capital withdrawal option ,Small Cap,17.18,7.07,-9.77,11.62,15.37,42.54,Very High
152050,UTI Nifty Midcap 150 Exchange Traded Fund,Mid Cap,16.44,2.86,4.9,15.905000000000001,14.23,31.52,High
151919,NJ Flexi Cap Fund - Regular Plan - IDCW Option,Flexi Cap,12.49,2.84,-5.07,12.55,10.89,37.41,Very High
151291,HSBC Multi Cap Fund - Direct - IDCW,Multi Cap,15.1,3.43,2.53,19.89,13.01,35.92,Very High
147943,BANDHAN SMALL CAP FUND - DIRECT PLAN IDCW,Small Cap,16.46,6.37,0.65,19.98,14.01,35.78,Very High
141250,Union Largecap Fund - Regular Plan - IDCW Option,Large Cap,13.65,9.14,-3.98,8.56,9.11,27.03,Moderate
105000,Sundaram Large and Midcap Regular Plan - Income Distribution cum Capital Withdrawal (IDCW),Mid Cap,17.14,19.35,-2.39,6.31,6.75,13.82,Low
149384,Axis Multicap Fund - Direct Plan - IDCW,Multi Cap,14.93,4.54,-0.11,18.37,13.01,36.24,Very High
147843,Mahindra Manulife Large & Mid Cap Fund - Regular Plan - Growth,Large & Mid Cap,14.37,6.52,-1.13,12.92,12.95,31.33,High
101162,Nippon India Multi Cap Fund-Growth Plan-Bonus Option,Multi Cap,13.85,20.27,-0.42,16.3,18.86,22.0,Low
113221,CANARA ROBECO LARGE CAP FUND - REGULAR PLAN - GROWTH OPTION,Large Cap,13.35,15.88,-4.64,10.2,9.93,22.31,Moderate
150812,JM Midcap Fund (Regular) - Growth,Mid Cap,17.36,3.62,6.99,21.04,14.23,33.27,Very High
140814,Groww Largecap Fund (formerly known as Indiabulls Bluechip Fund)- Direct Plan- Half Yearly -Income Distribution cum capital withdrawal Option (Payout & Reinvestment),Large Cap,13.55,9.34,-0.58,11.86,11.6,26.21,Moderate
152751,NAVI NIFTY 500 MULTICAP 50-25-25 DIRECT PLAN,Multi Cap,14.51,1.94,-0.21,15.17,13.01,36.36,Very High
150403,BANDHAN MIDCAP FUND - IDCW - REGULAR PLAN,Mid Cap,16.2,3.89,-0.06,16.28,14.23,36.21,Very High
145205,TATA SmallCap Fund Regular Plan - Payout of Income Distribution cum capital withdrawal option ,Small Cap,17.29,7.07,-11.36,9.93,13.48,42.33,Very High
114564,Axis Midcap Fund - Regular Plan - Growth,Mid Cap,14.43,15.37,4.48,17.03,14.04,19.46,Low
100475,Tata Large Cap Fund -Regular Plan - Growth Option,Large Cap,13.77,20.27,-0.91,11.11,11.02,15.01,Low
110607,BANK OF INDIA Large & Mid Cap Fund Regular Plan- Regular IDCW,Large & Mid Cap,13.3,17.69,3.65,14.73,12.28,15.26,Low
118633,Nippon India Large Cap Fund - Direct Plan Growth Plan - Bonus Option,Large Cap,13.29,13.51,-1.7,13.72,15.99,26.87,Moderate
119219,DSP Large & Mid Cap Fund - Direct Plan - IDCW,Large & Mid Cap,16.43,13.51,-8.2,7.44,4.38,25.5,Moderate
147445,Mirae Asset Midcap Fund- Direct Growth Option,Mid Cap,15.63,6.95,9.58,19.85,17.43,26.02,Moderate
114457,Kotak Large Cap Fund - Payout of Income Distribution cumcapital withdrawal option,Large Cap,13.27,15.52,-3.38,10.79,10.44,21.84,Low
153516,UTI Multi Cap Fund - Regular Plan - Growth Option,Multi Cap,12.86,1.14,-0.18,15.17,13.01,36.47,Very High
100476,Taurus Flexi Cap Fund - Regular Plan - Growth ,Flexi Cap,14.24,20.27,-1.18,12.23,10.57,15.97,Low
150211,BARODA BNP PARIBAS Mid Cap Fund - Direct Plan - IDCW Option,Mid Cap,17.92,4.32,1.14,10.31,14.23,32.19,High
125301,PGIM India Midcap Fund - Direct Plan - Dividend Option - Payout,Mid Cap,15.44,12.59,0.21,12.86,13.32,24.37,Moderate
119350,BANK OF INDIA Large & Mid Cap Fund Direct Plan-Growth,Large & Mid Cap,13.28,13.52,5.07,16.08,13.88,19.43,Low
144905,Shriram Flexi Cap Fund - Direct Growth,Flexi Cap,13.45,7.75,-2.31,9.64,10.05,27.59,High
154228,Old Bridge Flexi Cap Fund Direct IDCW,Flexi Cap,12.34,0.35,-1.0350000000000001,12.55,10.89,35.3,Very High
100519,Franklin India Flexi Cap Fund - IDCW ,Flexi Cap,14.73,20.27,-9.97,7.2,6.66,20.96,Low
102884,Franklin India Large & Mid Cap Fund - IDCW,Large & Mid Cap,16.18,20.27,-11.3,3.5,1.73,18.25,Low
120825,quant Large & Mid Cap Fund - IDCW Option - Direct Plan,Large & Mid Cap,15.39,13.5,5.26,17.89,17.59,22.98,Moderate
152384,PGIM India Large and Midcap Fund - Direct Plan - IDCW option,Mid Cap,15.52,2.4,-5.25,15.905000000000001,14.23,43.02,Very High
119300,BANK OF INDIA Large & Mid Cap Fund Direct Plan- Bonus,Large & Mid Cap,13.29,12.56,5.06,16.05,13.86,20.37,Low
152234,Motilal Oswal Small Cap Fund - Regular - IDCW,Small Cap,16.93,2.53,14.48,15.684999999999999,15.285,21.65,Low
152824,ITI Large & Midcap Fund - Regular Plan - Growth,Mid Cap,16.44,1.82,-1.62,15.905000000000001,14.23,39.87,Very High
150584,WhiteOak Capital Mid Cap Fund Direct Plan Growth,Mid Cap,14.59,3.84,12.71,24.97,14.23,31.28,High
152352,Motilal Oswal Large Cap Regular Plan Growth,Large Cap,13.63,2.41,-3.89,10.39,10.305,35.33,Very High
105804,Aditya Birla Sun Life Small Cap Fund - GROWTH,Small Cap,16.56,19.11,8.33,16.47,12.79,11.72,Low
146194,Edelweiss Small Cap Fund - Regular Plan - IDCW Option,Small Cap,15.65,7.4,3.54,17.07,15.03,29.34,High
150797,WhiteOak Capital Large Cap Fund Direct Plan Growth,Large Cap,12.65,3.6,0.18,14.75,10.305,32.29,High
129047,Motilal Oswal Flexi Cap Fund Direct - IDCW Payout/Reinvestment,Flexi Cap,17.12,12.2,-12.16,11.2,5.08,34.56,Very High
148731,ITI Mid Cap Fund - Direct Plan - IDCW Option,Mid Cap,16.64,5.33,3.64,19.56,15.12,33.6,Very High
152137,Helios Flexi Cap Fund - Regular Plan - IDCW Option,Flexi Cap,16.2,2.65,6.77,12.55,10.89,25.86,Moderate
150813,JM Midcap Fund (Regular) - IDCW,Mid Cap,17.36,3.62,6.99,21.04,14.23,33.27,Very High
152847,Samco Multi Cap Fund - Direct Plan - Growth,Multi Cap,11.34,1.67,-11.55,15.17,13.01,48.12,Very High
119433,Aditya Birla Sun Life Large & Mid Cap Fund -Direct - IDCW,Large & Mid Cap,16.49,13.52,-4.23,5.67,2.87,19.28,Low
151895,Bajaj Finserv Flexi Cap Fund-Direct Plan-Growth,Flexi Cap,14.27,2.9,5.15,12.55,10.89,26.62,Moderate
152615,JM Small Cap Fund (Direct) - IDCW Option,Small Cap,19.96,2.04,12.21,15.684999999999999,15.285,25.85,Moderate
151378,ITI Flexi Cap Fund- Regular Plan- IDCW,Flexi Cap,15.21,3.38,3.09,17.05,10.89,32.6,High
141925,Axis Flexi Cap Fund - Direct Plan - Growth,Flexi Cap,14.12,8.62,1.94,13.7,10.92,25.28,Moderate
100218,JM Large Cap Fund (Regular) - IDCW ,Large Cap,14.16,20.27,-2.75,10.77,11.27,17.2,Low
102942,SBI Midcap Fund - Regular Plan - Income Distribution cum Capital Withdrawal Option (IDCW),Mid Cap,13.86,20.27,-0.08,12.47,14.43,16.92,Low
118834,Mirae Asset Large & Midcap Fund - Direct Plan - Growth,Mid Cap,14.31,13.52,3.85,15.24,13.12,20.29,Low
120357,Invesco India Large & Mid Cap Fund - Direct Plan - Growth,Large & Mid Cap,17.08,13.52,9.34,25.05,19.09,25.05,Moderate
119218,DSP Large & Mid Cap Fund - Direct Plan - Growth,Large & Mid Cap,13.69,13.52,-0.17,16.95,14.01,26.1,Moderate
154043,Abakkus Flexi Cap Fund - Direct - Growth,Flexi Cap,17.33,0.53,-1.0350000000000001,12.55,10.89,37.09,Very High
145210,TATA Small Cap Fund Regular Plan - Reinvestment of Income Distribution cum capital withdrawal option ,Small Cap,17.29,7.66,-11.36,9.93,13.48,41.74,Very High
120465,Axis Large Cap Fund - Direct Plan - Growth,Large Cap,13.11,13.52,-2.57,9.56,8.16,20.94,Low
152818,PGIM India Multi Cap Fund - Regular Plan - IDCW Option,Multi Cap,14.08,1.82,4.36,15.17,13.01,31.21,High
112089,Kotak Flexicap Fund - Payout of Income Distribution cum capital withdrawal option,Flexi Cap,14.46,16.81,-2.11,13.0,11.75,21.62,Low
108466,ICICI Prudential Large Cap Fund (erstwhile Bluechip Fund)  - Growth,Large Cap,12.71,18.12,-3.31,12.78,13.28,21.67,Low
151798,360 ONE FLEXICAP FUND-DIRECT PLAN- IDCW,Flexi Cap,15.37,3.01,4.49,18.08,10.89,32.64,High
148733,ITI Mid Cap Fund - Direct Plan - Growth Option,Mid Cap,16.21,5.33,8.32,23.07,17.14,31.88,High
120665,UTI Large & Mid Cap Fund - Direct Plan - Growth Option,Large & Mid Cap,13.45,13.52,2.08,18.05,16.07,25.12,Moderate
153612,BAJAJ FINSERV SMALL CAP FUND - DIRECT - GROWTH,Small Cap,16.82,0.97,3.775,15.684999999999999,15.285,35.19,Very High
100470,Franklin India Large Cap Fund - IDCW,Large Cap,15.83,20.27,-11.68,0.69,-0.9,15.47,Low
149102,Mahindra Manulife Flexi Cap Fund - Regular Plan -IDCW,Flexi Cap,16.09,4.87,-11.76,2.45,10.89,40.16,Very High
119178,Tata Mid Cap Fund - Direct Plan- Growth Option,Mid Cap,14.68,13.52,6.38,19.61,17.13,22.34,Moderate
146197,Edelweiss Small Cap Fund - Direct Plan - IDCW Option,Small Cap,15.65,7.4,4.96,18.76,16.9,29.72,High
149882,SBI Multicap Fund- Direct Plan- Growth option,Multi Cap,13.14,4.32,-1.6,14.9,13.01,34.82,Very High
109523,JM Flexicap Fund (Regular) - IDCW,Flexi Cap,14.67,17.79,-1.67,15.46,16.35,24.18,Moderate
138307,PGIM India Large Cap Fund - Dividend,Large Cap,14.64,10.34,-12.22,-1.68,-1.24,23.9,Moderate
105757,HDFC Mid Cap Fund - IDCW Plan,Mid Cap,16.68,19.01,-4.74,8.59,8.45,18.87,Low
148988,ICICI Prudential Flexicap Fund - IDCW,Flexi Cap,17.48,4.97,-2.64,9.18,10.89,32.64,High
101592,Aditya Birla Sun Life MIDCAP Fund-Growth,Mid Cap,15.6,20.27,4.68,17.7,15.24,15.74,Low
151035,HSBC Midcap Fund - Direct IDCW,Mid Cap,18.76,3.61,8.15,16.67,14.23,28.67,High
148354,ITI Large Cap Fund - Regular Plan - IDCW Option,Large Cap,15.89,5.53,-10.07,7.3,7.44,36.73,Very High
152003,LIC MF Small Cap Fund-Regular Plan-Growth,Small Cap,17.57,2.94,8.98,15.684999999999999,15.285,27.64,High
120726,UTI Mid Cap Fund-Growth Option- Direct,Mid Cap,15.15,13.52,0.78,14.44,13.81,23.85,Moderate
149668,Sundaram Multi Cap Fund (Formerly Known as Principal Multi Cap Growth Fund) - Direct Plan - Income Distribution CUM Capital Withdrawal Option (IDCW),Multi Cap,16.06,4.51,-6.42,7.34,13.01,37.67,Very High
144544,TATA Flexi Cap Fund Regular Plan - Payout of Income Distribution cum capital withdrawal option ,Flexi Cap,13.75,7.07,-9.12,10.13,9.26,35.92,Very High
130501,HDFC Small Cap Fund - IDCW Option,Small Cap,18.32,12.03,-12.59,1.97,4.46,29.52,High
105758,HDFC Mid Cap Fund - Growth Plan,Mid Cap,14.11,19.01,4.63,19.77,19.78,19.98,Low
152001,LIC MF Mid Cap Fund-Regular Plan-Growth,Mid Cap,16.13,2.94,2.65,15.905000000000001,14.23,33.84,Very High
140353,Edelweiss Flexi Cap Fund - Direct Plan - Growth Option,Flexi Cap,13.94,9.61,1.26,16.18,14.76,28.3,High
147841,Mahindra Manulife Large & Mid Cap Fund - Direct Plan - IDCW,Large & Mid Cap,16.45,6.52,-6.49,8.46,7.67,32.73,High
122639,Parag Parikh Flexi Cap Fund - Direct Plan - Growth,Flexi Cap,8.66,13.12,-2.6,14.58,14.4,25.9,Moderate
152095,Edelweiss Multi Cap Fund - Regular Plan - Growth,Multi Cap,14.62,2.69,1.74,15.17,13.01,33.47,Very High
152583,TRUSTMF Flexi Cap Fund-Regular Plan- IDCW,Flexi Cap,14.06,2.2,1.91,12.55,10.89,30.83,High
140810,Groww Largecap Fund (formerly known as Indiabulls Bluechip Fund)- Regular Plan- Monthly - Income Distribution cum capital withdrawal Option (Payout & Reinvestment),Large Cap,13.59,9.34,-1.76,10.38,10.15,25.91,Moderate
100630,quant Multi Cap Fund-IDCW Option - Regular Plan,Multi Cap,15.26,20.27,2.66,11.71,12.37,12.69,Low
140813,Groww Largecap Fund (formerly known as Indiabulls Bluechip Fund)- Regular Plan- Half Yearly - Income Distribution cum capital withdrawal Option (Payout & Reinvestment),Large Cap,13.58,9.35,-1.77,10.39,10.15,25.91,Moderate
129046,Motilal Oswal Flexi cap Fund Direct Plan-Growth Option,Flexi Cap,16.63,12.2,-5.59,19.22,12.73,35.84,Very High
146772,HSBC Large & Mid Cap Fund - Direct Growth,Large & Mid Cap,15.01,7.27,10.49,19.7,16.53,24.1,Moderate
148618,UTI Small Cap Fund - Direct Plan - Growth Option,Small Cap,16.03,5.54,3.2,17.23,16.9,32.74,High
118524,Franklin India Small Cap Fund - Direct - IDCW,Small Cap,19.14,13.52,-9.76,5.38,7.29,28.62,High
118883,Taurus Flexi Cap Fund - Direct Plan - Growth,Flexi Cap,14.24,13.52,-1.11,12.3,10.63,22.7,Moderate
151235,Tata Multicap Fund - Regular Plan - Growth,Multi Cap,14.66,3.41,6.81,11.85,13.01,25.11,Moderate
150819,Canara Robeco Mid Cap Fund- Regular Plan- IDCW,Mid Cap,16.7,3.59,-0.18,15.35,14.23,36.23,Very High
152351,Motilal Oswal Large Cap Direct Plan IDCW,Large Cap,13.87,2.41,-7.2,10.39,10.305,39.17,Very High
149019,PGIM India Small Cap Fund - Direct Plan- Growth Option,Small Cap,15.2,4.94,7.53,16.85,15.285,27.12,Moderate
148505,Sundaram Large Cap Fund (Formerly Known as Sundaram Blue Chip Fund)  Regular Plan - Payout of Income Distribution cum Capital Withdrawal (IDCW),Large Cap,14.85,5.74,-10.69,1.27,2.16,30.45,High
149669,Sundaram Multi Cap Fund (Formerly Known as Principal Multi Cap Growth Fund)-Direct Plan - Growth Option,Multi Cap,14.57,4.51,0.55,15.46,13.01,33.17,Very High
152739,Franklin India Multi Cap Fund - Direct - Growth,Multi Cap,15.33,1.95,4.24,15.17,13.01,31.71,High
150659,LIC MF Multi Cap Fund-Direct Plan-Growth,Multi Cap,15.36,3.69,8.15,20.17,13.01,30.49,High
118525,Franklin India Small Cap Fund - Direct - Growth,Small Cap,16.32,13.52,0.53,16.57,17.86,28.12,High
148619,UTI Small Cap Fund - Direct Plan - IDCW (Payout),Small Cap,16.03,5.54,3.2,17.23,16.9,32.74,High
152780,BAJAJ FINSERV LARGE CAP FUND - REGULAR PLAN - GROWTH,Large Cap,13.18,1.88,-1.6,10.39,10.305,33.1,Very High
102394,UTI Mid Cap Fund-Growth Option,Mid Cap,15.15,20.27,-0.06,13.43,12.77,16.91,Low
151033,HSBC Midcap Fund - Regular IDCW,Mid Cap,19.01,3.61,6.45,14.82,14.23,29.33,High
101209,Taurus Large Cap Fund - Regular Plan - Growth,Large Cap,12.47,20.27,-1.01,12.35,10.58,15.17,Low
120267,LIC MF Large Cap Fund-Direct Plan-Growth,Large Cap,13.87,13.52,-5.89,8.8,8.84,24.88,Moderate
120591,ICICI Prudential Smallcap Fund - Direct Plan - Growth,Small Cap,14.15,13.51,0.13,13.28,15.48,24.62,Moderate
125305,PGIM India Midcap Fund - Regular Plan - Growth Option,Mid Cap,15.45,12.59,-1.01,11.47,11.75,24.07,Moderate
102021,Baroda BNP Paribas MULTI CAP FUND - Regular Plan - IDCW Option,Multi Cap,14.85,20.27,-7.23,5.62,6.17,16.75,Low
143791,NAVI FLEXI CAP FUND - DIRECT PLAN QUARTERLY IDCW PAYOUT,Flexi Cap,15.34,8.0,8.66,13.33,13.43,19.69,Low
118777,Nippon India Small Cap Fund - Direct Plan Growth Plan - Bonus Option,Small Cap,15.24,13.51,4.07,18.45,20.33,26.21,Moderate
152650,Motilal Oswal Multi Cap Fund Regular Plan Growth,Multi Cap,17.56,2.05,-2.23,15.17,13.01,39.72,Very High
118872,Taurus Mid Cap Fund - Direct Plan - Growth,Mid Cap,16.53,13.52,-4.86,11.22,11.79,27.8,High
119582,Sundaram Mid Cap Fund Direct Plan - Income Distribution cum Capital Withdrawal (IDCW),Mid Cap,17.33,13.52,-0.07,13.65,12.28,24.41,Moderate
105989,DSP Small Cap Fund - Regular - Growth,Small Cap,16.23,19.06,8.99,18.66,17.84,14.16,Low
152096,Edelweiss Multi Cap Fund - Regular Plan - IDCW,Multi Cap,14.86,2.69,-1.54,15.17,13.01,37.24,Very High
119716,SBI MIDCAP FUND - DIRECT PLAN - GROWTH,Mid Cap,13.86,13.52,0.73,13.43,15.42,23.85,Moderate
127042,Motilal Oswal Midcap Fund-Direct Plan-Growth Option,Mid Cap,18.78,12.37,-5.55,19.44,22.95,41.75,Very High
148617,UTI Small Cap Fund - Regular Plan - Growth Option,Small Cap,16.03,5.54,1.98,15.77,15.2,32.34,High
119160,Tata Large Cap Fund -Direct Plan Growth Option,Large Cap,13.77,13.52,0.1,12.24,12.15,21.88,Low
118277,CANARA ROBECO LARGE AND MID CAP FUND - DIRECT PLAN - IDCW (Payout/Reinvestment),Large & Mid Cap,15.57,13.52,-6.81,8.47,7.16,25.5,Moderate
118534,Franklin India Flexi Cap Fund - Direct - IDCW ,Flexi Cap,15.15,13.52,-10.21,7.09,6.83,28.16,High
153909,Helios Small Cap Fund - Regular Plan - Growth Option,Small Cap,19.53,0.61,3.775,15.684999999999999,15.285,36.62,Very High
108403,Taurus Large Cap Fund - Regular Plan - Payout of Income Distribution cum Capital Withdrawal option,Large Cap,12.47,18.17,-1.01,12.35,10.57,17.26,Low
153738,CAPITALMIND FLEXI CAP FUND DIRECT GROWTH,Flexi Cap,11.82,0.93,-1.0350000000000001,12.55,10.89,34.51,Very High
111936,Edelweiss Large Cap Fund - Regular Plan - IDCW Option,Large Cap,14.41,17.14,-11.16,2.93,2.71,20.65,Low
100378,Nippon India Vision Large & Midcap Fund - IDCW Option,Mid Cap,56.21,20.27,-7.69,7.04,7.2,35.01,Very High
110604,BANK OF INDIA Large & Mid Cap Fund Eco Plan-Quarterly IDCW,Large & Mid Cap,13.29,17.69,4.42,15.54,13.32,15.38,Low
119619,Aditya Birla Sun Life Midcap Fund -DIRECT - IDCW,Mid Cap,16.91,13.52,-0.92,10.84,8.94,21.82,Low
119077,DSP Flexi Cap Fund - Direct Plan - IDCW,Flexi Cap,17.08,13.52,-8.41,4.65,2.36,23.17,Moderate
118423,BANDHAN Flexi Cap Fund-Direct Plan-IDCW,Flexi Cap,13.48,13.52,-6.24,5.49,5.21,21.2,Low
154227,Old Bridge Flexi Cap Fund Regular IDCW,Flexi Cap,12.32,0.35,-1.0350000000000001,12.55,10.89,35.29,Very High
148471,Baroda BNP Paribas Large and Mid Cap Fund-Regular Plan-Growth Option,Large & Mid Cap,14.52,5.83,-1.92,14.06,13.74,34.06,Very High
120843,quant Flexi Cap Fund - Growth Option-Direct Plan,Flexi Cap,16.41,13.5,8.99,18.39,16.55,19.03,Low
152071,WhiteOak Capital Multi Cap Fund Direct Plan Growth,Multi Cap,13.62,2.79,6.56,15.17,13.01,27.64,High
153610,BAJAJ FINSERV SMALL CAP FUND - REGULAR - IDCW,Small Cap,16.82,0.97,3.775,15.684999999999999,15.285,35.19,Very High
103360,Franklin India Small Cap Fund-Growth,Small Cap,16.32,20.27,-0.28,15.61,16.88,21.2,Low
125351,Axis Small Cap Fund - Direct Plan - IDCW,Small Cap,17.41,12.59,-4.14,7.39,7.5,23.68,Moderate
149450,Samco Flexi Cap Fund - Direct Plan - Growth Option,Flexi Cap,16.27,4.41,-9.91,-0.51,10.89,38.68,Very High
150442,quant Large Cap Fund - IDCW Option - Regular Plan,Large Cap,16.19,3.91,3.75,13.88,10.305,28.82,High
119556,Aditya Birla Sun Life Small Cap Fund - Growth - Direct Plan,Small Cap,16.56,13.5,9.4,17.66,13.95,17.44,Low
152308,DSP Multicap Fund - Regular - IDCW,Multi Cap,16.73,2.44,-8.0,15.17,13.01,45.49,Very High
154041,Abakkus Flexi Cap Fund - Regular - Growth,Flexi Cap,17.32,0.53,-1.0350000000000001,12.55,10.89,37.09,Very High
113222,CANARA ROBECO LARGE CAP FUND - REGULAR PLAN - IDCW (Payout/Reinvestment),Large Cap,14.3,15.88,-9.36,6.56,5.57,23.52,Moderate
119353,Baroda BNP Paribas MULTI CAP FUND - Direct Plan - IDCW Option,Multi Cap,14.85,13.5,-6.22,6.76,7.15,23.55,Moderate
150401,BANDHAN MIDCAP FUND - IDCW - DIRECT PLAN,Mid Cap,15.81,3.89,8.07,20.57,14.23,30.87,High
113177,Nippon India Small Cap Fund - Growth Plan - Growth Option,Small Cap,15.24,15.8,3.3,17.54,19.35,23.72,Moderate
149763,Invesco India Flexi Cap Fund - Direct Plan - Growth,Flexi Cap,16.05,4.39,1.78,19.94,10.89,36.0,Very High
145109,Axis Large & Mid Cap Fund - Direct Plan - IDCW,Large & Mid Cap,15.52,7.7,-2.52,7.65,7.09,25.91,Moderate
152135,Helios Flexi Cap Fund - Direct Plan - Growth Option,Flexi Cap,16.22,2.65,8.22,12.55,10.89,24.32,Moderate
101635,DSP Large Cap Fund - Regular Plan - Growth,Large Cap,12.33,20.27,-4.99,12.17,10.48,19.42,Low
151897,Bajaj Finserv Flexi Cap Fund-Regular Plan-IDCW,Flexi Cap,14.28,2.9,3.8,12.55,10.89,28.12,High
153238,Samco Large Cap Fund - Regular Plan - Growth Option,Large Cap,11.28,1.28,-11.77,10.39,10.305,44.43,Very High
152406,Bajaj Finserv Large and Mid Cap Fund- Regular Plan- Growth,Large & Mid Cap,14.32,2.36,-1.62,14.77,12.63,37.01,Very High
119018,HDFC Large Cap Fund - Growth Option - Direct Plan,Large Cap,13.57,13.52,-1.44,11.6,13.32,23.93,Moderate
141927,Axis Flexi Cap Fund - Regular Plan - Growth,Flexi Cap,14.14,8.62,0.92,12.55,9.73,25.13,Moderate
152006,LIC MF Small Cap Fund-Regular Plan-IDCW,Small Cap,17.57,2.94,8.98,15.684999999999999,15.285,27.64,High
151130,HSBC Small Cap Fund - Direct Growth,Small Cap,17.61,3.61,4.24,17.56,15.285,33.57,Very High
145206,Tata Small Cap Fund-Direct Plan-Growth,Small Cap,16.8,7.66,-6.61,12.91,16.17,39.37,Very High
150568,Sundaram Flexicap Fund Regular Growth,Flexi Cap,13.69,3.84,-4.09,9.75,10.89,34.16,Very High
142110,Mahindra Manulife Mid Cap Fund - Direct Plan -Growth,Mid Cap,16.09,8.42,8.88,23.08,19.68,28.73,High
120165,Kotak Flexicap Fund - Payout of Income Distribution cum capital withdrawal option- Direct,Flexi Cap,14.47,13.48,-1.28,13.97,12.74,25.11,Moderate
141247,Union Largecap Fund - Regular Plan - Growth Option,Large Cap,13.65,9.14,-3.98,8.56,9.11,27.03,Moderate
147917,ITI Small Cap Fund - Direct Plan - IDCW Option,Small Cap,17.25,6.39,11.12,24.26,16.47,29.64,High
154211,TRUSTMF MID CAP FUND -REGULAR-GROWTH,Mid Cap,14.29,0.3,2.55,15.905000000000001,14.23,35.85,Very High
119202,Tata Large & MId Cap Fund -Direct Plan- Growth Option,Large & Mid Cap,14.72,13.52,-6.19,9.3,11.82,27.67,High
151797,360 ONE FLEXICAP FUND-REGULAR PLAN- IDCW,Flexi Cap,15.37,3.01,2.94,16.25,10.89,32.45,High
119774,Kotak Midcap Fund  - Direct Plan - IDCW - Payout & Re-investment of Income Distribution cum capital withdrawal option,Mid Cap,15.86,13.47,7.09,21.24,18.48,23.77,Moderate
154307,JioBlackRock Large Cap Fund - Direct Plan - Growth Option,Large Cap,13.24,0.23,-3.15,10.39,10.305,36.52,Very High
151133,HSBC Small Cap Fund - Regular Growth,Small Cap,17.61,3.61,3.18,16.36,15.285,33.95,Very High
120030,HSBC Large Cap Fund - Direct Growth,Large Cap,14.09,13.52,-0.09,11.7,11.3,21.45,Low
119718,SBI Flexicap Fund - DIRECT PLAN - Growth Option,Flexi Cap,12.75,13.5,-2.2,9.49,9.89,21.27,Low
111935,Edelweiss Large Cap Fund -Plan B - Growth option,Large Cap,13.27,17.14,-3.67,9.77,10.62,20.09,Low
118479,BANDHAN Large Cap Fund-Direct Plan-Growth,Large Cap,13.67,13.52,1.06,13.69,13.12,22.14,Moderate
118533,Franklin India Mid Cap Fund - Direct - Growth,Mid Cap,15.12,13.52,-0.48,18.5,15.4,28.67,High
101530,SBI Large & Midcap Fund - Regular Plan - Income Distribution cum Capital Withdrawal Option (IDCW),Mid Cap,13.02,20.27,2.65,14.42,13.99,14.25,Low
118617,Edelweiss Large Cap Fund - Direct Plan-Growth option,Large Cap,13.27,13.5,-2.23,11.45,12.29,23.99,Moderate
130498,HDFC Large and Mid Cap Fund - Growth Option - Direct Plan,Large & Mid Cap,14.86,12.03,0.23,16.12,16.65,28.39,High
116548,Groww Largecap Fund (formerly known as Indiabulls Bluechip Fund)- Regular Plan- - Income Distribution cum capital withdrawal Option (Payout & Reinvestment),Large Cap,13.57,14.4,-1.76,10.39,10.15,20.85,Low
105504,Invesco India Midcap Fund - Regular Plan - IDCW (Payout / Reinvestment),Mid Cap,18.21,19.22,0.29,17.6,15.5,22.77,Moderate
101762,HDFC Flexi Cap Fund - Growth Plan,Flexi Cap,12.49,20.27,1.1,16.78,17.93,19.37,Low
141950,BANK OF INDIA Mid Cap Tax Fund Series 1 Direct Plan Growth,Mid Cap,16.48,8.37,4.57,15.77,13.07,25.87,Moderate
120380,ICICI Prudential MidCap Fund - Direct Plan -  IDCW,Mid Cap,18.48,13.5,5.75,17.2,11.88,21.32,Low
153533,Samco Large & Mid Cap Fund - Regular Plan - Growth Option,Large & Mid Cap,11.96,1.03,-12.42,14.77,12.63,49.54,Very High
151379,ITI Flexi Cap Fund- Direct Plan- Growth,Flexi Cap,14.96,3.38,8.22,20.36,10.89,31.29,High
133709,LIC MF Large & Mid Cap Fund-Direct Plan-IDCW,Large & Mid Cap,14.88,11.37,0.83,16.63,12.35,26.79,Moderate
150661,LIC MF Multi Cap Fund-Regular Plan-Growth,Multi Cap,15.36,3.69,6.57,18.3,13.01,30.15,High
100375,NIPPON INDIA GROWTH MID CAP FUND - IDCW Option,Mid Cap,72.46,20.27,-0.68,11.94,11.09,38.51,Very High
120403,Invesco India Midcap Fund - Direct Plan - Growth Option,Mid Cap,17.04,13.52,11.6,26.97,21.62,24.78,Moderate
151289,HSBC Multi Cap Fund - Regular - Growth,Multi Cap,15.05,3.43,4.83,19.72,13.01,33.39,Very High
118835,Mirae Asset Large & Midcap Fund - Direct Plan - IDCW,Mid Cap,16.07,13.52,-3.61,6.41,4.1,19.4,Low
116547,Groww Largecap Fund (formerly known as Indiabulls Blue Chip Fund) - Regular Plan- Growth Option,Large Cap,13.58,14.4,-1.78,10.38,10.15,20.87,Low
111939,Edelweiss Large Cap Fund - Plan C - IDCW Option,Large Cap,13.27,17.14,-3.67,9.77,10.62,20.09,Low
140812,Groww Largecap Fund (formerly known as Indiabulls Bluechip Fund)- Regular Plan- Quarterly - Income Distribution cum capital withdrawal Option (Payout & Reinvestment),Large Cap,13.63,9.34,-1.78,10.38,10.15,25.94,Moderate
118269,CANARA ROBECO LARGE CAP FUND - DIRECT PLAN - GROWTH OPTION,Large Cap,13.35,13.52,-3.53,11.52,11.34,24.95,Moderate
149302,BANDHAN MULTI CAP FUND - IDCW - REGULAR PLAN,Multi Cap,14.22,4.6,-6.32,8.5,13.01,37.08,Very High
140172,Edelweiss Large & Mid Cap Fund - Regular Plan - Growth Option,Large & Mid Cap,14.62,9.61,1.02,14.77,13.15,27.16,Moderate
149101,Mahindra Manulife Flexi Cap Fund - Regular Plan -Growth,Flexi Cap,13.37,4.87,-4.46,10.75,10.89,33.95,Very High
152130,Baroda BNP Paribas Small Cap Fund - Regular Plan - Growth option,Small Cap,15.03,2.69,3.22,15.684999999999999,15.285,33.39,Very High
150185,BARODA BNP PARIBAS LARGE CAP Fund- Regular Plan - Growth Option,Large Cap,12.79,4.32,-3.38,11.65,10.305,33.28,Very High
145137,Invesco India Smallcap Fund - Direct Plan - Growth,Small Cap,16.95,7.69,11.72,25.25,21.3,28.91,High
143793,Navi Flexi Cap Fund - Direct Plan - Growth,Flexi Cap,15.34,8.0,8.67,13.35,13.45,19.7,Low
152131,Baroda BNP Paribas Small Cap Fund - Regular Plan - IDCW option,Small Cap,15.03,2.69,3.22,15.684999999999999,15.285,33.39,Very High
150800,WhiteOak Capital Large Cap Fund Regular Plan IDCW,Large Cap,12.64,3.6,-1.39,12.88,10.305,32.55,High
147946,BANDHAN SMALL CAP FUND - DIRECT PLAN GROWTH,Small Cap,16.04,6.37,7.2,28.61,21.36,37.56,Very High
145677,BANK OF INDIA Small Cap Fund Regular Plan Growth,Small Cap,16.89,7.53,14.69,21.27,18.64,21.92,Low
153534,Samco Large & Mid Cap Fund - Direct Plan - Growth Option,Large & Mid Cap,11.93,1.03,-11.01,14.77,12.63,47.94,Very High
147944,BANDHAN SMALL CAP FUND - REGULAR PLAN GROWTH,Small Cap,16.04,6.37,5.91,26.9,19.61,37.1,Very High
100312,LIC MF Flexi Cap Fund-Regular Plan-IDCW,Flexi Cap,15.11,20.27,5.87,12.2,10.09,8.32,Low
102874,Kotak-Small Cap Fund - Payout of Income Distribution cum capital withdrawal option,Small Cap,15.43,20.27,-0.75,12.97,13.15,17.74,Low
151811,Mirae Asset Multicap Fund - Direct Plan - IDCW,Multi Cap,14.14,2.88,2.82,15.17,13.01,31.89,High
119588,Sundaram Small Cap Fund Direct Plan - Income Distribution cum Capital Withdrawal (IDCW),Small Cap,18.78,13.52,3.78,11.66,11.77,19.17,Low
150660,LIC MF Multi Cap Fund-Direct Plan-IDCW,Multi Cap,15.36,3.69,8.15,20.17,13.01,30.49,High
145110,Axis Large & Mid Cap Fund - Direct Plan - Growth,Large & Mid Cap,13.49,7.7,5.16,16.38,13.92,25.46,Moderate
152940,TRUSTMF SMALL CAP FUND -REGULAR PLAN-GROWTH,Small Cap,16.47,1.68,22.8,15.684999999999999,15.285,29.38,High
153239,Samco Large Cap Fund - Direct Plan - Growth Option,Large Cap,11.27,1.28,-10.33,10.39,10.305,42.8,Very High
153197,Mirae Asset Small Cap Fund - Direct Plan - IDCW,Small Cap,15.4,1.43,7.29,15.684999999999999,15.285,30.2,High
120662,UTI - Flexi Cap Fund-Growth Option - Direct,Flexi Cap,13.93,13.52,-4.17,8.78,6.69,21.89,Low
154104,Groww Small Cap Fund - Direct-IDCW,Small Cap,19.91,0.43,3.775,15.684999999999999,15.285,36.95,Very High
133712,LIC MF Large & Mid Cap Fund-Regular Plan-IDCW,Large & Mid Cap,14.88,11.37,-0.45,15.13,10.7,26.51,Moderate
120585,ICICI Prudential Large Cap Fund (erstwhile Bluechip Fund)  - Direct Plan - IDCW,Large Cap,13.38,13.52,-6.68,8.58,8.67,25.35,Moderate
103233,Kotak Large & Midcap Fund - IDCW-Regular,Mid Cap,15.04,20.27,1.19,14.98,14.23,17.16,Low
103504,SBI Large Cap FUND-REGULAR PLAN GROWTH,Large Cap,13.32,20.27,-1.16,9.91,11.02,14.48,Low
152408,Bajaj Finserv Large and Mid Cap Fund- Direct Plan- Growth,Large & Mid Cap,14.32,2.36,-0.23,14.77,12.63,35.45,Very High
154210,TRUSTMF MID CAP FUND -DIRECT -GROWTH,Mid Cap,14.33,0.3,2.55,15.905000000000001,14.23,35.87,Very High
150814,JM Midcap Fund (Direct) - IDCW,Mid Cap,17.35,3.62,8.63,23.08,14.23,33.77,Very High
119566,Sundaram Large and Midcap Fund Direct Plan - Growth,Mid Cap,15.45,13.51,5.77,15.7,14.5,19.5,Low
153873,THE WEALTH COMPANY FLEXI CAP FUND - DIRECT IDCW,Flexi Cap,16.36,0.73,-1.0350000000000001,12.55,10.89,36.51,Very High
107578,Mirae Asset Large Cap Fund - Growth Plan,Large Cap,13.73,18.25,-2.49,9.53,9.23,16.9,Low
103216,SBI Flexicap Fund - Regular Plan - Income Distribution cum Capital Withdrawal Option (IDCW),Flexi Cap,12.75,20.27,-3.0,8.58,8.94,14.37,Low
120185,ICICI Prudential US Bluechip Equity Fund - Direct Plan -  IDCW,Large Cap,15.07,13.51,17.8,14.32,11.54,14.88,Low
120664,UTI Large & Mid Cap Fund - Direct Plan - IDCW,Large & Mid Cap,13.45,13.52,2.08,18.05,16.08,25.13,Moderate
100795,Sundaram Small Cap Fund Regular Plan - Growth,Small Cap,16.97,20.27,9.84,18.7,17.08,11.98,Low
146127,CANARA ROBECO SMALL CAP FUND - REGULAR PLAN - GROWTH OPTION,Small Cap,15.7,7.39,1.03,13.73,15.88,30.8,High
108800,BANDHAN Large Cap Fund - Regular Plan - IDCW,Large Cap,14.26,18.1,-6.37,2.77,3.84,14.82,Low
153739,CAPITALMIND FLEXI CAP FUND REGULAR GROWTH,Flexi Cap,11.82,0.93,-1.0350000000000001,12.55,10.89,34.51,Very High
120823,quant Multi Cap Fund-GROWTH OPTION-Direct Plan,Multi Cap,15.26,13.5,3.81,12.95,13.82,19.68,Low
118424,BANDHAN Flexi Cap Fund-Direct Plan-Growth,Flexi Cap,12.77,13.52,0.05,13.17,12.09,22.07,Moderate
152823,ITI Large & Midcap Fund - Direct Plan - IDCW Option,Mid Cap,16.44,1.82,-0.0,15.905000000000001,14.23,38.05,Very High
118270,CANARA ROBECO LARGE CAP FUND - DIRECT PLAN - IDCW (Payout/Reinvestment),Large Cap,14.31,13.52,-8.31,7.84,8.09,26.82,Moderate
125354,Axis Small Cap Fund - Direct Plan - Growth,Small Cap,14.71,12.59,4.83,17.11,17.46,23.59,Moderate
111940,Edelweiss Large Cap Fund - Regular Plan - Growth Option,Large Cap,13.26,17.14,-3.67,9.77,10.6,20.08,Low
111938,Edelweiss Large Cap Fund - Plan B - IDCW Option,Large Cap,13.65,17.14,-7.13,8.44,9.81,22.97,Moderate
120045,HSBC Flexi Cap Fund - Direct IDCW,Flexi Cap,17.79,13.51,-7.0,10.16,8.02,28.11,High
119212,DSP Small Cap Fund - Direct Plan - Growth,Small Cap,16.22,13.52,9.98,19.72,18.89,19.76,Low
153871,THE WEALTH COMPANY FLEXI CAP FUND - REGULAR IDCW,Flexi Cap,16.39,0.73,-1.0350000000000001,12.55,10.89,36.52,Very High
143792,NAVI FLEXI CAP FUND - DIRECT PLAN NORMAL IDCW PAYOUT,Flexi Cap,15.34,8.0,8.65,13.33,13.4,19.68,Low
125497,SBI Small Cap Fund - Direct Plan - Growth,Small Cap,14.14,12.64,2.72,14.02,14.92,22.55,Moderate
119715,SBI Midcap Fund - Direct Plan - Income Distribution cum Capital Withdrawal Option (IDCW),Mid Cap,13.86,13.52,0.73,13.43,15.42,23.85,Moderate
145140,Invesco India Smallcap Fund - Regular Plan - IDCW (Payout / Reinvestment),Small Cap,18.54,7.69,-0.89,10.47,11.83,29.59,High
101706,ICICI Prudential Multicap Fund - IDCW,Multi Cap,17.99,20.27,-4.31,7.73,5.88,15.84,Low
100794,Sundaram Small Cap Fund Regular Plan - Income Distribution cum Capital Withdrawal (IDCW),Small Cap,18.8,20.27,2.63,10.43,10.52,12.34,Low
133836,PGIM India Flexi Cap Fund - Regular Plan - Growth Option,Flexi Cap,13.71,11.34,-1.31,9.42,8.73,22.12,Moderate
141224,Mahindra Manulife Multi Cap Fund - Regular Plan - Growth,Multi Cap,15.27,9.14,4.67,17.75,15.84,27.01,Moderate
152943,Helios Large & Mid Cap Fund - Regular Plan - Growth Option,Large & Mid Cap,16.0,1.68,6.02,14.77,12.63,29.85,High
152138,Helios Flexi Cap Fund - Direct Plan - IDCW Option,Flexi Cap,16.25,2.65,8.29,12.55,10.89,24.26,Moderate
120393,Invesco India Largecap Fund - Direct Plan - IDCW (Payout / Reinvestment),Large Cap,16.75,13.52,-6.85,5.39,6.14,23.67,Moderate
152094,Edelweiss Multi Cap Fund - Direct Plan - Growth,Multi Cap,14.62,2.69,3.24,15.17,13.01,31.8,High
118870,Taurus Large Cap Fund - Direct Plan - Growth,Large Cap,12.47,13.51,-0.81,12.52,10.72,21.87,Low
148475,Baroda BNP Paribas Large and Mid Cap Fund-Direct Plan-IDCW Option,Large & Mid Cap,18.04,5.83,-9.11,5.54,7.39,35.27,Very High
153327,Helios Mid Cap Fund - Regular Plan - Growth Plan,Mid Cap,16.68,1.31,13.57,15.905000000000001,14.23,23.92,Moderate
153543,Unifi Flexi Cap Fund - Direct Growth,Flexi Cap,13.56,1.08,2.33,12.55,10.89,31.28,High
103361,Franklin India Small Cap Fund - IDCW,Small Cap,18.98,20.27,-10.19,4.77,6.32,21.38,Low
110608,BANK OF INDIA Large & Mid Cap Fund Eco Plan-Regular IDCW,Large & Mid Cap,13.26,17.69,4.38,15.53,12.61,15.17,Low
150585,WhiteOak Capital Mid Cap Fund Regular Plan IDCW,Mid Cap,14.59,3.84,11.24,23.14,14.23,30.32,High
147478,Mirae Asset Midcap Fund Direct IDCW,Mid Cap,17.82,6.95,0.73,10.33,7.97,26.17,Moderate
152382,PGIM India Large and Midcap Fund - Direct Plan - Growth Option,Mid Cap,14.11,2.4,-0.31,15.905000000000001,14.23,36.9,Very High
134959,JM Large Cap Fund (Regular) - Monthly IDCW,Large Cap,14.16,11.03,-2.75,10.77,11.27,26.42,Moderate
119293,Union Flexi Cap Fund - Direct Plan - IDCW Option,Flexi Cap,15.89,13.52,-7.5,10.07,10.56,29.19,High
148407,BANK OF INDIA Flexi Cap Fund Regular Plan -IDCW,Flexi Cap,14.35,6.02,7.27,19.97,16.13,28.68,High
147749,Union Large & Midcap Fund - Regular Plan - IDCW Option,Mid Cap,14.83,6.57,1.86,12.97,12.38,27.81,High
140173,Edelweiss Large and Mid Cap Fund - Regular Plan - IDCW Option,Large & Mid Cap,14.62,9.61,1.02,14.77,10.98,26.35,Moderate
141928,Axis Flexi Cap Fund - Regular Plan - IDCW,Flexi Cap,14.55,8.62,-4.26,8.46,3.78,26.01,Moderate
119071,DSP Midcap Fund - Direct Plan - Growth,Mid Cap,15.54,13.52,3.81,18.65,13.09,23.59,Moderate
103165,Aditya Birla Sun Life Flexi Cap Fund -Regular - IDCW,Flexi Cap,14.76,20.27,-1.53,7.87,5.24,11.37,Low
154270,The Wealth Company Small Cap Fund- Direct-IDCW,Small Cap,14.03,0.28,3.775,15.684999999999999,15.285,34.77,Very High
149089,Nippon India Flexi Cap Fund - Regular Plan - Growth Plan - Growth Option,Flexi Cap,14.57,4.89,-0.83,12.13,10.89,31.14,High
111640,Taurus Flexi Cap Fund - Regular Plan - Payout of Income Distribution cum Capital Withdrawal option,Flexi Cap,14.24,17.52,-1.18,12.23,10.57,18.72,Low
129049,Motilal Oswal Flexi cap Fund Regular - IDCW Payout/Reinvestment,Flexi Cap,17.12,12.2,-12.92,10.08,4.04,34.19,Very High
130503,HDFC Small Cap Fund - Growth Option - Direct Plan,Small Cap,15.09,12.03,-2.43,13.65,16.51,30.2,High
151810,Mirae Asset Multicap Fund - Direct Plan - Growth,Multi Cap,14.15,2.88,2.83,15.17,13.01,31.88,High
153870,THE WEALTH COMPANY FLEXI CAP FUND - REGULAR GROWTH,Flexi Cap,16.39,0.73,-1.0350000000000001,12.55,10.89,36.52,Very High
145111,Axis Large & Mid Cap Fund - Regular Plan - IDCW,Large & Mid Cap,15.56,7.7,-3.58,6.47,2.87,24.7,Moderate
150347,WhiteOak Capital Flexi Cap Fund Regular Plan-Growth,Flexi Cap,13.13,3.93,1.69,15.53,10.89,31.32,High
152651,Motilal Oswal Multi Cap Fund-Direct Plan Growth,Multi Cap,17.56,2.05,-1.08,15.17,13.01,38.43,Very High
151131,HSBC Small Cap Fund - Regular IDCW,Small Cap,19.79,3.61,-6.1,6.3,15.285,41.5,Very High
120263,LIC MF Flexi Cap Fund-Direct Plan-IDCW,Flexi Cap,15.11,13.52,6.85,13.22,10.23,14.99,Low
105503,Invesco India Midcap Fund - Regular Plan - Growth Option,Mid Cap,17.04,19.22,10.3,25.43,20.06,18.83,Low
120870,ICICI Prudential Smallcap Fund - Direct Plan - IDCW,Small Cap,14.77,13.5,-4.38,8.17,10.02,23.96,Moderate
141223,Mahindra Manulife Multi Cap Fund - Direct Plan - IDCW,Multi Cap,16.3,9.14,0.83,14.52,11.26,27.58,High
118678,Nippon India Vision Large & Mid Cap Fund - Direct Plan Growth Plan - Growth Option,Large & Mid Cap,14.59,13.52,0.5,17.32,15.47,26.59,Moderate
141248,Union Largecap Fund - Direct Plan - Growth Option,Large Cap,13.66,9.14,-3.15,9.51,9.99,27.13,Moderate
100313,LIC MF Flexi Cap Fund-Regular Plan-Growth,Flexi Cap,15.11,20.27,5.87,12.2,10.89,8.55,Low
149305,BANDHAN MULTI CAP FUND - GROWTH - REGULAR PLAN,Multi Cap,13.58,4.6,-0.03,13.57,13.01,32.1,High
144548,Tata Flexi Cap Fund -Regular Plan-Growth,Flexi Cap,13.1,7.83,-5.25,11.67,10.18,31.96,High
120490,JM Large Cap Fund (Direct) - Growth Option,Large Cap,14.16,13.52,-1.25,12.33,12.57,23.85,Moderate
102328,Tata Mid Cap Fund Regular Plan- Growth Option,Mid Cap,14.68,20.27,5.11,18.19,15.71,15.44,Low
140175,Edelweiss Large & Mid Cap Fund - Direct Plan - Growth Option,Large & Mid Cap,14.62,9.61,2.44,16.42,14.88,27.46,High
147918,ITI Small Cap Fund - Regular Plan - IDCW Option,Small Cap,17.28,6.39,9.19,22.08,14.31,29.42,High
118462,Franklin India Large Cap Fund - Direct - IDCW,Large Cap,15.88,13.52,-11.13,1.45,0.09,22.56,Moderate
100219,JM Large Cap Fund (Regular) - Growth Option,Large Cap,14.16,20.27,-2.75,10.77,11.27,17.2,Low
154115,Samco Mid Cap Fund - Regular Plan,Mid Cap,20.6,0.4,2.55,15.905000000000001,14.23,38.25,Very High
104513,quant Large & Mid Cap Fund - Growth Option,Large & Mid Cap,15.39,19.63,4.0,16.4,15.89,16.49,Low
153306,BAJAJ FINSERV MULTI CAP FUND - DIRECT - IDCW,Multi Cap,15.02,1.35,5.22,15.17,13.01,31.1,High
152309,DSP Multicap Fund - Direct - IDCW,Multi Cap,17.06,2.44,-7.27,15.17,13.01,44.8,Very High
152405,Bajaj Finserv Large and Mid Cap Fund- Direct Plan- IDCW,Large & Mid Cap,14.32,2.36,-0.23,14.77,12.63,35.45,Very High
144316,BANK OF INDIA Midcap Tax Fund Series 2 Regular Plan IDCW,Mid Cap,16.19,7.7,0.69,15.05,11.66,29.67,High
150346,WhiteOak Capital Flexi Cap Fund Direct Plan-Growth,Flexi Cap,13.13,3.93,3.0,17.15,10.89,31.41,High
147919,ITI Small Cap Fund - Direct Plan - Growth Option,Small Cap,17.22,6.39,13.41,26.5,17.72,29.75,High
152582,TRUSTMF Flexi Cap Fund-Regular Plan- Growth,Flexi Cap,14.07,2.2,1.91,12.55,10.89,30.84,High
130497,HDFC Large and Mid Cap Fund - IDCW Option,Large & Mid Cap,16.21,12.03,-7.13,7.73,9.87,28.79,High
140809,Groww Largecap Fund (formerly known as Indiabulls Bluechip Fund)- Direct Plan- Monthly - Income Distribution cum capital withdrawal Option (Payout & Reinvestment),Large Cap,13.57,9.35,-0.56,11.85,11.61,26.19,Moderate
120153,Kotak Large Cap Fund - Payout of Income Distribution cum capital withdrawal option - Direct,Large Cap,13.27,13.5,-2.3,12.06,11.76,24.1,Moderate
143787,Navi Flexi Cap Fund - Regular Plan - Growth,Flexi Cap,15.34,8.0,6.8,11.3,11.37,19.48,Low
100472,Franklin India Mid Cap Fund - IDCW,Mid Cap,18.4,20.27,-10.54,7.67,4.64,22.4,Moderate
115290,Union Flexi Cap Fund - IDCW Option,Flexi Cap,18.25,15.06,-12.68,7.16,8.32,31.55,High
152585,TRUSTMF Flexi Cap Fund-Direct Plan- IDCW,Flexi Cap,13.96,2.2,3.5,12.55,10.89,29.02,High
144902,Shriram Flexi Cap Fund - Regular Growth,Flexi Cap,13.45,7.75,-3.89,7.82,8.16,27.28,Moderate
147480,Mirae Asset Midcap Fund Regular IDCW,Mid Cap,17.82,6.95,-0.37,9.14,6.61,26.02,Moderate
118955,HDFC Flexi Cap Fund - Growth Option - Direct Plan,Flexi Cap,12.49,13.52,1.76,17.55,18.7,26.23,Moderate
152000,LIC MF Mid Cap Fund-Regular Plan-IDCW,Mid Cap,16.13,2.94,2.65,15.905000000000001,14.23,33.84,Very High
150858,Union Multicap Fund - Direct Plan - Growth Option,Multi Cap,14.77,3.54,6.81,17.12,13.01,28.73,High
125307,PGIM India Midcap Fund - Direct Plan - Growth Option,Mid Cap,15.44,12.59,0.2,12.87,13.32,24.38,Moderate
150569,Sundaram Flexicap Fund Regular Plan IDCW Payout,Flexi Cap,16.22,3.84,-16.4,3.01,10.89,46.32,Very High
149304,BANDHAN MULTI CAP FUND - IDCW - DIRECT PLAN,Multi Cap,14.22,4.6,-5.04,10.48,13.01,36.42,Very High
149886,SBI Multicap Fund- Regular Plan- Growth Option,Multi Cap,13.14,4.32,-2.39,13.96,13.01,35.11,Very High
117620,ICICI Prudential US Bluechip Equity Fund - Growth,Large Cap,15.08,14.0,16.83,13.36,10.52,14.45,Low
146770,HSBC Large & Mid Cap Fund - Direct IDCW,Large & Mid Cap,18.33,7.27,0.55,9.22,8.42,25.64,Moderate
122640,Parag Parikh Flexi Cap Fund - Regular Plan - Growth,Flexi Cap,8.65,13.12,-3.21,13.79,13.5,25.63,Moderate
101538,Sundaram Mid Cap Fund Regular Plan - Income Distribution cum Capital Withdrawal (IDCW),Mid Cap,17.34,20.27,-0.93,12.69,11.32,17.57,Low
152353,Motilal Oswal Large Cap Regular Plan IDCW,Large Cap,13.88,2.41,-8.28,10.39,10.305,40.39,Very High
149187,Kotak Multicap Fund-Direct Plan-IDCW Option,Multi Cap,16.49,4.76,-2.26,16.91,13.01,37.86,Very High
119721,SBI LARGE & MIDCAP FUND -DIRECT PLAN -Growth,Mid Cap,13.02,13.52,3.49,15.41,14.95,21.14,Low
150404,BANDHAN MIDCAP FUND - GROWTH - DIRECT PLAN,Mid Cap,15.81,3.89,8.09,20.59,14.23,30.87,High
146193,Edelweiss Small Cap Fund - Regular Plan - Growth,Small Cap,15.65,7.4,3.54,17.07,16.91,30.27,High
100379,Nippon India Vision Large & Midcap Fund-GROWTH PLAN-Bonus Option,Mid Cap,14.59,20.27,-0.18,16.65,14.85,19.89,Low
150857,Union Multicap Fund - Direct Plan - IDCW Option,Multi Cap,14.77,3.54,6.81,17.12,13.01,28.73,High
118419,Bandhan Large & Mid Cap Fund - Direct Plan - Growth,Large & Mid Cap,13.52,13.52,5.16,20.97,18.34,24.69,Moderate
149449,Samco Flexi Cap Fund - Regular Plan - Growth Option,Flexi Cap,16.29,4.41,-11.24,-1.92,10.89,40.04,Very High
151377,ITI Flexi Cap Fund- Regular Plan- Growth,Flexi Cap,14.97,3.38,6.62,18.37,10.89,30.45,High
117619,ICICI Prudential US Bluechip Equity Fund - IDCW,Large Cap,15.09,14.0,16.83,13.36,10.52,14.45,Low
149382,Axis Multicap Fund - Regular Plan - Growth,Multi Cap,14.39,4.54,3.95,19.02,13.01,32.27,High
143798,NAVI FLEXI CAP FUND - DIRECT PLAN ANNUAL IDCW PAYOUT,Flexi Cap,15.34,8.0,8.66,13.33,13.43,19.69,Low
152005,LIC MF Small Cap Fund-Direct Plan-IDCW,Small Cap,17.56,2.94,10.48,15.684999999999999,15.285,25.95,Moderate
154042,Abakkus Flexi Cap Fund - Regular - IDCW,Flexi Cap,17.31,0.53,-1.0350000000000001,12.55,10.89,37.08,Very High
120466,Axis Large Cap Fund - Direct Plan - IDCW,Large Cap,15.11,13.52,-9.65,3.59,2.83,23.3,Moderate
118675,Nippon India Vision Large & Mid Cap Fund - Direct Plan Growth Plan - Bonus Option,Large & Mid Cap,14.59,13.52,0.5,17.32,15.47,26.59,Moderate
140226,Edelweiss Mid Cap Fund - Regular Plan - IDCW Option,Mid Cap,15.32,9.61,4.5,22.54,16.73,30.75,High
151917,NJ Flexi Cap Fund - Direct Plan - Growth Option,Flexi Cap,12.51,2.84,-3.71,12.55,10.89,35.88,Very High
118651,Nippon India Multi Cap Fund - Direct Plan Growth Plan - Bonus Option,Multi Cap,13.85,13.52,0.34,17.22,19.76,28.9,High
148506,Sundaram Large Cap Fund (Formerly Known as Sundaram Blue Chip Fund) Regular Plan - Reinvestment of Income Distribution cum Capital Withdrawal (IDCW),Large Cap,14.85,5.74,-10.69,1.27,2.16,30.45,High
153196,Mirae Asset Small Cap Fund - Direct Plan - Growth,Small Cap,15.41,1.43,7.29,15.684999999999999,15.285,30.2,High
149182,Kotak Multicap Fund-Regular Plan-Growth,Multi Cap,15.46,4.76,5.13,18.75,13.01,31.01,High
101066,quant Mid Cap Fund - IDCW Option - Regular Plan,Mid Cap,14.04,20.27,-0.25,14.76,15.66,19.07,Low
101636,DSP Large Cap Fund - Regular Plan - IDCW,Large Cap,15.77,20.27,-12.77,2.96,1.15,19.11,Low
151446,Bank of India Multi Cap Fund Regular Plan - IDCW,Multi Cap,13.85,3.35,9.38,19.78,13.01,28.73,High
148983,BANK OF INDIA Large Cap Fund Regular Plan IDCW,Large Cap,13.91,5.02,2.54,12.95,10.49,27.41,High
134960,JM Large Cap Fund (Direct) - Quarterly IDCW,Large Cap,14.16,11.03,-1.25,12.33,12.57,26.34,Moderate
102000,HDFC Large Cap Fund - Growth Option - Regular Plan,Large Cap,13.57,20.27,-2.02,10.94,12.65,17.1,Low
134955,JM Large Cap Fund (Regular) - Half Yearly IDCW,Large Cap,14.16,11.03,-2.75,10.77,11.27,26.42,Moderate
120564,Aditya Birla Sun Life Flexi Cap Fund - Growth - Direct Plan,Flexi Cap,13.26,13.52,5.64,16.43,13.25,18.87,Low
153515,UTI Multi Cap Fund - Direct Plan - Growth Option,Multi Cap,12.86,1.14,1.33,15.17,13.01,34.78,Very High
153644,TRUSTMF MULTI CAP FUND -DIRECT PLAN-GROWTH,Multi Cap,14.84,0.96,1.3650000000000002,15.17,13.01,35.71,Very High
103234,Kotak Large & Midcap Fund - Growth-Regular,Mid Cap,15.04,20.27,1.19,14.98,14.23,17.16,Low
148989,ICICI Prudential Flexicap Fund - Growth,Flexi Cap,15.38,4.97,6.28,15.81,10.89,26.72,Moderate
118825,Mirae Asset Large Cap Fund - Direct Plan - Growth,Large Cap,13.73,13.52,-1.54,10.61,10.33,21.77,Low
119292,Union Flexi Cap Fund - Direct Plan - Growth Option,Flexi Cap,14.15,13.52,0.07,12.99,12.31,22.6,Moderate
120029,HSBC Large Cap Fund - Direct IDCW,Large Cap,17.23,13.51,-9.48,1.45,1.49,21.97,Low
149303,BANDHAN MULTI CAP FUND - GROWTH - DIRECT PLAN,Multi Cap,13.57,4.6,1.36,15.22,13.01,31.61,High
150441,quant Large Cap Fund - Growth Option - Regular Plan,Large Cap,16.18,3.91,3.73,14.08,10.305,29.01,High
153198,Mirae Asset Small Cap Fund - Regular Plan - Growth,Small Cap,15.4,1.43,5.65,15.684999999999999,15.285,32.05,High
154114,Samco Mid Cap Fund - Direct Plan,Mid Cap,20.75,0.4,2.55,15.905000000000001,14.23,38.31,Very High
154103,Groww Small Cap Fund-Regular-IDCW,Small Cap,19.92,0.43,3.775,15.684999999999999,15.285,36.95,Very High
138313,PGIM India Large Cap Fund - Direct Plan - Dividend,Large Cap,14.68,10.34,-10.88,-0.2,0.15,24.02,Moderate
119349,BANK OF INDIA Large & Mid Cap Fund Direct  Plan- Quarterly IDCW,Large & Mid Cap,13.27,13.52,5.01,16.01,13.83,19.42,Low
152072,WhiteOak Capital Multi Cap Fund Regular Plan Growth,Multi Cap,13.62,2.79,5.06,15.17,13.01,29.29,High
103819,DSP Large & Mid Cap Fund - Regular Plan - Growth,Large & Mid Cap,13.69,20.27,-1.21,15.76,12.89,19.22,Low
151445,Bank of India Multi Cap Fund Regular Plan - Growth,Multi Cap,13.83,3.35,9.38,19.78,13.01,28.72,High
120840,quant Mid Cap Fund - IDCW Option - Direct Plan,Mid Cap,14.04,13.5,0.79,16.03,17.18,26.25,Moderate
149103,Mahindra Manulife Flexi Cap Fund - Direct Plan -IDCW,Flexi Cap,15.72,4.87,-9.67,4.75,10.89,38.27,Very High
146549,Mahindra Manulife Large Cap Fund - Direct Plan -Growth,Large Cap,12.8,7.31,-4.99,11.02,11.07,32.15,High
147183,ITI Multi Cap Fund - Direct Plan - Growth Option,Multi Cap,15.2,7.15,7.9,19.11,14.28,26.15,Moderate
119436,Aditya Birla Sun Life Large & Mid Cap Fund - Growth - Direct Plan,Large & Mid Cap,15.09,13.52,1.98,13.15,9.74,19.94,Low
102252,HSBC Flexi Cap Fund - Regular Growth,Flexi Cap,15.58,20.27,0.92,16.06,13.55,18.07,Low
104907,Kotak Midcap Fund - Regular Plan - IDCW -Payout & Re-investment of Income Distribution cum capital withdrawal option,Mid Cap,15.87,19.27,6.02,19.96,17.16,17.74,Low
154269,The Wealth Company Small Cap Fund- Direct-Growth,Small Cap,14.03,0.28,3.775,15.684999999999999,15.285,34.77,Very High
147751,Union Large & Midcap Fund - Direct Plan - IDCW Option,Mid Cap,14.85,6.57,3.18,14.5,13.85,28.02,High
152354,Motilal Oswal Large Cap Direct Plan Growth,Large Cap,13.63,2.41,-2.77,10.39,10.305,34.07,Very High
119775,Kotak Midcap Fund - Direct Plan - Growth,Mid Cap,15.86,13.51,7.09,21.24,18.48,23.73,Moderate
152937,TRUSTMF SMALL CAP FUND -DIRECT PLAN-IDCW,Small Cap,16.51,1.68,24.79,15.684999999999999,15.285,31.64,High
148074,Union Midcap Fund - Direct Plan - IDCW Option,Mid Cap,16.03,6.28,8.1,19.51,16.98,28.07,High
144315,BANK OF INDIA Midcap Tax Fund Series 2 Direct Plan Growth,Mid Cap,16.14,7.7,0.9,14.95,11.9,29.43,High
102020,Baroda BNP Paribas MULTI CAP FUND - Regular Plan - Growth Option,Multi Cap,14.49,20.27,1.42,15.3,14.53,17.03,Low
120828,quant Small Cap Fund - Growth Option - Direct Plan,Small Cap,15.64,13.5,8.86,21.31,20.2,22.46,Moderate
119620,Aditya Birla Sun Life Midcap Fund - Growth - Direct Plan,Mid Cap,15.6,13.52,5.55,18.69,16.23,22.61,Moderate
102393,UTI Mid Cap Fund - Regular Plan - IDCW,Mid Cap,15.15,20.27,-0.06,13.43,12.77,16.91,Low
104908,Kotak Midcap Fund - Regular Plan - Growth,Mid Cap,15.86,19.27,6.02,19.96,17.16,17.74,Low
153729,Bank of India Mid Cap Fund - Direct Plan IDCW,Mid Cap,15.11,0.87,2.55,15.905000000000001,14.23,35.61,Very High
142109,Mahindra Manulife Mid Cap Fund - Regular Plan - Growth,Mid Cap,16.09,8.42,7.4,21.33,17.86,28.42,High
152226,Whiteoak Capital Large & Mid Cap Fund Direct Plan Growth,Large & Mid Cap,13.28,2.54,4.99,14.77,12.63,29.05,High
143797,NAVI FLEXI CAP FUND - DIRECT PLAN HALF YEARLY IDCW PAYOUT,Flexi Cap,15.34,8.0,8.66,13.33,13.43,19.69,Low
150440,quant Large Cap Fund - Growth Option - Direct Plan,Large Cap,16.18,3.91,5.26,15.81,10.305,29.09,High
151821,Canara Robeco Multi Cap Fund - Regular Plan - Growth Option,Multi Cap,13.77,2.94,-0.14,15.17,13.01,34.99,Very High
106144,Invesco India Large & Mid Cap Fund - Regular Plan - Growth,Large & Mid Cap,17.08,18.91,8.11,23.61,17.67,19.45,Low
143790,NAVI FLEXI CAP FUND - REGULAR PLAN MONTHLY IDCW PAYOUT,Flexi Cap,15.34,8.0,6.8,11.3,11.38,19.48,Low
151824,Canara Robeco Multi Cap Fund - Direct Plan - Growth Option,Multi Cap,13.8,2.94,1.19,15.17,13.01,33.51,Very High
106240,Nippon India Large Cap Fund- Growth Plan Bonus Option,Large Cap,13.29,18.92,-2.48,12.76,15.01,21.26,Low
149765,Invesco India Flexi Cap Fund - Direct Plan - IDCW,Flexi Cap,18.05,4.39,-8.97,15.57,10.89,44.51,Very High
118954,HDFC Flexi Cap Fund - IDCW Option - Direct Plan,Flexi Cap,15.16,13.52,-5.69,8.53,9.13,25.18,Moderate
150349,WhiteOak Capital Flexi Cap Fund Direct Plan IDCW,Flexi Cap,13.13,3.93,3.0,17.15,10.89,31.41,High
119585,SBI Large Cap Fund - Direct Plan - Income Distribution cum Capital Withdrawal Option (IDCW),Large Cap,13.32,13.51,-0.49,10.67,11.8,21.34,Low
151034,HSBC Midcap Fund - Regular Growth,Mid Cap,16.37,3.61,15.96,25.3,14.23,30.79,High
119528,Aditya Birla Sun Life Large Cap Fund - Growth - Direct Plan,Large Cap,13.13,13.52,-3.88,11.14,11.6,25.2,Moderate
150388,Baroda BNP Paribas Flexi Cap Fund - Direct Plan - IDCW Option,Flexi Cap,17.43,3.88,-8.62,7.54,10.89,39.7,Very High
153859,JioBlackRock Flexi Cap Fund - Direct Plan - Growth Option,Flexi Cap,15.95,0.73,-1.0350000000000001,12.55,10.89,36.35,Very High
101763,HDFC Flexi Cap Fund - IDCW Plan,Flexi Cap,16.09,20.27,-7.84,6.19,6.91,18.67,Low
150818,Canara Robeco Mid Cap Fund- Direct Plan- IDCW,Mid Cap,16.77,3.59,1.15,16.95,14.23,35.84,Very High
153098,Groww Multicap Fund - Direct - IDCW,Multi Cap,15.75,1.56,13.59,15.17,13.01,23.13,Moderate
154155,Parag Parikh Large Cap Fund - Direct Plan - Growth,Large Cap,17.83,0.42,-3.15,10.39,10.305,38.15,Very High
120565,Aditya Birla Sun Life Flexi Cap Fund -DIRECT - IDCW,Flexi Cap,14.76,13.52,-0.75,8.73,6.11,18.19,Low
150402,BANDHAN MIDCAP FUND - GROWTH - REGULAR PLAN,Mid Cap,15.81,3.89,6.55,18.8,14.23,30.75,High
120264,LIC MF Flexi Cap Fund-Direct Plan-Growth,Flexi Cap,15.11,13.52,6.88,13.25,11.9,15.32,Low
100034,Aditya Birla Sun Life Large & Mid Cap Fund -Regular - IDCW,Large & Mid Cap,16.49,20.27,-5.0,4.82,2.02,12.46,Low
134957,JM Large Cap Fund (Direct) - Half Yearly IDCW ,Large Cap,14.16,11.03,-1.25,12.33,12.57,26.34,Moderate
149032,PGIM India Small Cap Fund - Regular Plan - IDCW Option,Small Cap,18.34,4.94,-3.13,7.41,15.285,36.67,Very High
154225,Old Bridge Flexi Cap Fund Direct Growth,Flexi Cap,12.34,0.35,-1.0350000000000001,12.55,10.89,35.3,Very High
150583,WhiteOak Capital Mid Cap Fund Regular Plan Growth,Mid Cap,14.59,3.84,11.24,23.14,14.23,30.32,High
149666,Sundaram Multi Cap Fund (Formerly Known as Principal Multi Cap Growth Fund)- Income Distribution CUM Capital Withdrawal Option (IDCW),Multi Cap,16.09,4.51,-7.45,6.17,13.01,38.51,Very High
100473,Franklin India Mid Cap Fund-Growth,Mid Cap,15.12,20.27,-1.26,17.55,14.47,21.75,Low
102036,Tata Large Cap Fund- Regular Plan - Payout of IDCW Option,Large Cap,16.44,20.27,-8.83,8.07,9.17,22.28,Moderate
118532,Franklin India Mid Cap Fund - Direct - IDCW,Mid Cap,18.43,13.52,-9.9,8.58,5.88,29.59,High
133838,PGIM India Flexi Cap Fund - Regular Plan - Dividend Option,Flexi Cap,17.28,11.34,-9.83,-0.06,-0.27,22.71,Moderate
118884,Taurus Flexi Cap Fund - Direct Plan -  Payout of Income Distribution cum Capital Withdrawal option,Flexi Cap,14.24,13.52,-1.11,12.3,10.63,22.7,Moderate
134961,JM Large Cap Fund (Regular) - Annual IDCW,Large Cap,14.16,11.03,-2.75,10.77,11.27,26.42,Moderate
153611,BAJAJ FINSERV SMALL CAP FUND - DIRECT - IDCW,Small Cap,16.82,0.97,3.775,15.684999999999999,15.285,35.19,Very High
102326,Tata Mid Cap Fund-Regular Plan - IDCW Option,Mid Cap,15.47,20.27,0.93,16.61,14.74,18.91,Low
143789,NAVI FLEXI CAP FUND - REGULAR PLAN NORMAL IDCW PAYOUT,Flexi Cap,15.34,8.0,6.8,11.3,11.37,19.48,Low
106822,ICICI Prudential Smallcap Fund - IDCW,Small Cap,16.72,18.72,-9.8,2.48,4.42,19.28,Low
151414,Mirae Asset Flexi Cap Fund - Regular Plan - Growth,Flexi Cap,13.69,3.36,0.98,12.58,10.89,30.59,High
125306,PGIM India Midcap Fund - Regular Plan - Dividend Option - Payout,Mid Cap,18.77,12.59,-9.54,1.77,2.48,24.32,Moderate
152614,JM Small Cap Fund (Direct) - Growth Option,Small Cap,19.96,2.04,12.21,15.684999999999999,15.285,25.85,Moderate
148406,BANK OF INDIA Flexi Cap Fund Direct Plan -IDCW,Flexi Cap,14.33,6.02,8.82,21.7,17.5,28.78,High
151918,NJ Flexi Cap Fund - Direct Plan - IDCW Option,Flexi Cap,12.51,2.84,-3.71,12.55,10.89,35.88,Very High
150855,Union Multicap Fund - Regular Plan - Growth Option,Multi Cap,14.83,3.54,5.55,15.63,13.01,28.83,High
119717,SBI Flexicap Fund - Direct Plan - Income Distribution cum Capital Withdrawal Option (IDCW),Flexi Cap,12.75,13.5,-2.2,9.49,9.89,21.27,Low
127044,Motilal Oswal Midcap Fund-Direct - IDCW Payout/Reinvestment,Mid Cap,19.2,12.37,-12.08,11.61,14.75,40.21,Very High
120268,LIC MF Large Cap Fund-Direct Plan-IDCW,Large Cap,13.87,13.52,-5.9,8.79,8.05,24.45,Moderate
118778,Nippon India Small Cap Fund - Direct Plan Growth Plan - Growth Option,Small Cap,15.24,13.52,4.07,18.45,20.33,26.2,Moderate
118509,Franklin India Large & Mid cap Fund - Direct - IDCW,Large & Mid Cap,16.01,13.52,-10.42,4.35,2.67,24.93,Moderate
152740,Franklin India Multi Cap Fund - IDCW,Multi Cap,15.33,1.95,2.82,15.17,13.01,33.29,Very High
152002,LIC MF Mid Cap Fund-Direct Plan-Growth,Mid Cap,16.13,2.94,3.76,15.905000000000001,14.23,32.59,High
118420,Bandhan Large & Mid Cap Fund - Direct Plan - IDCW,Large & Mid Cap,16.95,13.52,-4.75,9.46,9.22,25.4,Moderate
151233,Tata Multicap Fund - Direct Plan - IDCW Reinvestment,Multi Cap,14.66,3.41,8.37,13.58,13.01,24.26,Moderate
144546,Tata Flexi Cap Fund-Direct Plan-Growth,Flexi Cap,13.1,7.83,-4.04,13.1,11.63,32.22,High
151822,Canara Robeco Multi Cap Fund - Direct Plan - IDCW Option,Multi Cap,15.03,2.94,-3.8,15.17,13.01,39.59,Very High
107353,Invesco India Multicap Fund - Regular Plan - Growth Option,Multi Cap,16.21,18.31,-2.83,14.24,12.08,22.59,Moderate
113178,Nippon India Small Cap Fund - Growth Plan - Bonus Option,Small Cap,15.24,15.8,3.3,17.54,19.35,23.72,Moderate
148071,Union Midcap Fund - Regular Plan - Growth Option,Mid Cap,16.04,6.28,6.67,17.82,15.32,27.79,High
150571,Sundaram Flexicap Fund Direct Growth,Flexi Cap,13.69,3.84,-2.78,11.34,10.89,33.55,Very High
120381,ICICI Prudential MidCap Fund - Direct Plan -  Growth,Mid Cap,17.66,13.52,11.61,24.04,18.6,21.95,Low
149764,Invesco India Flexi Cap Fund - Regular Plan - IDCW,Flexi Cap,18.38,4.39,-10.72,13.73,10.89,45.31,Very High
101922,CANARA ROBECO FLEXICAP FUND - REGULAR PLAN - GROWTH OPTION,Flexi Cap,13.72,20.27,-1.74,11.54,10.66,15.99,Low
148474,Baroda BNP Paribas Large and Mid Cap Fund- Direct Plan -Growth Option,Large & Mid Cap,14.52,5.83,-0.67,15.52,15.29,34.35,Very High
140356,Edelweiss Flexi Cap Fund - Regular - IDCW Option,Flexi Cap,13.96,9.61,-1.79,13.81,11.71,28.76,High
151812,Mirae Asset Multicap Fund - Regular Plan - Growth,Multi Cap,14.14,2.88,1.37,15.17,13.01,33.51,Very High
118676,NIPPON INDIA VISION LARGE & MID CAP  FUND - DIRECT Plan - IDCW Option,Large & Mid Cap,16.7,13.51,-6.84,8.19,8.26,26.41,Moderate
120586,ICICI Prudential Large Cap Fund (erstwhile Bluechip Fund) - Direct Plan - Growth,Large Cap,12.71,13.52,-2.8,13.41,13.95,26.42,Moderate
127039,Motilal Oswal Midcap Fund-Regular Plan-Growth Option,Mid Cap,18.78,12.37,-6.31,18.28,21.68,41.23,Very High
151413,Mirae Asset Flexi Cap Fund - Direct Plan -  IDCW,Flexi Cap,13.69,3.36,2.41,14.12,10.89,30.16,High
146548,Mahindra Manulife Large Cap Fund - Regular Plan - IDCW,Large Cap,16.75,7.31,-15.21,1.26,0.67,33.88,Very High
120598,ICICI Prudential Multicap Fund - Direct Plan -  IDCW,Multi Cap,16.51,13.52,0.49,12.62,10.65,22.04,Low
148073,Union Midcap Fund - Direct Plan - Growth Option,Mid Cap,16.03,6.28,8.1,19.51,16.98,28.07,High
118278,CANARA ROBECO LARGE AND MID CAP FUND - DIRECT PLAN - GROWTH OPTION,Large & Mid Cap,14.77,13.52,-1.93,14.06,12.64,25.93,Moderate
152944,Helios Large & Mid Cap Fund - Regular Plan - IDCW Option,Large & Mid Cap,16.02,1.68,6.02,14.77,12.63,29.85,High
150186,BARODA BNP PARIBAS LARGE CAP Fund - Regular Plan - IDCW Option,Large Cap,16.52,4.32,-11.59,1.98,10.305,40.11,Very High
143795,NAVI FLEXI CAP FUND - REGULAR PLAN ANNUAL IDCW PAYOUT,Flexi Cap,15.34,8.0,6.8,11.3,11.37,19.48,Low
108799,BANDHAN Large Cap Fund - Regular Plan - Growth,Large Cap,13.67,18.1,-0.1,12.36,11.76,17.36,Low
150816,Canara Robeco Mid Cap Fund- Regular Plan- Growth Option,Mid Cap,15.85,3.59,5.15,18.62,14.23,32.39,High
119354,Baroda BNP Paribas MULTI CAP FUND - Direct Plan - Growth Option,Multi Cap,14.49,13.52,2.49,16.51,15.71,23.91,Moderate
153912,Helios Small Cap Fund - Direct Plan - Growth Option,Small Cap,19.53,0.61,3.775,15.684999999999999,15.285,36.62,Very High
151236,Tata Multicap Fund - Regular Plan - IDCW Reinvestment,Multi Cap,14.66,3.41,6.81,11.85,13.01,25.11,Moderate
100377,Nippon India Growth Mid Cap Fund-Growth Plan-Growth Option,Mid Cap,15.85,20.27,7.27,21.71,19.85,17.68,Low
152750,NAVI NIFTY 500 MULTICAP 50-25-25 REGULAR PLAN,Multi Cap,14.51,1.94,-0.84,15.17,13.01,37.07,Very High
152782,BAJAJ FINSERV LARGE CAP FUND - REGULAR PLAN - IDCW,Large Cap,13.18,1.88,-1.6,10.39,10.305,33.1,Very High
100349,ICICI Prudential Large & Mid Cap Fund - Growth,Large & Mid Cap,13.64,20.27,1.75,17.1,17.4,18.94,Low
135677,Navi Large & Midcap Fund- Direct Plan- Growth Option,Mid Cap,15.57,10.59,2.56,11.67,13.28,23.17,Moderate
118775,NIPPON INDIA SMALL CAP FUND - Direct Plan - IDCW Option,Small Cap,15.91,13.51,0.79,11.09,13.23,22.09,Moderate
151234,Tata Multicap Fund - Direct Plan - IDCW Payout,Multi Cap,14.66,3.41,8.37,13.58,13.01,24.26,Moderate
151896,Bajaj Finserv Flexi Cap Fund-Direct Plan-IDCW,Flexi Cap,14.27,2.9,5.15,12.55,10.89,26.62,Moderate
151237,Tata Multicap Fund - Regular Plan - IDCW Payout,Multi Cap,14.66,3.41,6.81,11.85,13.01,25.11,Moderate
141952,BANK OF INDIA Mid Cap Tax Fund Series 1 Regular Plan Growth,Mid Cap,16.44,8.37,4.26,15.78,12.84,26.13,Moderate
146550,Mahindra Manulife Large Cap Fund - Direct Plan - IDCW,Large Cap,15.92,7.31,-12.55,4.05,3.33,33.62,Very High
152815,PGIM India Multi Cap Fund - Direct Plan - Growth Option,Multi Cap,14.09,1.82,6.2,15.17,13.01,29.19,High
102921,CANARA ROBECO LARGE AND MID CAP FUND - REGULAR PLAN - IDCW (Payout/Reinvestment),Large & Mid Cap,15.58,20.27,-7.77,7.35,6.0,18.57,Low
151444,Bank of India Multi Cap Fund Direct Plan - IDCW,Multi Cap,13.84,3.35,10.79,21.1,13.01,29.02,High
150385,Baroda BNP Paribas Flexi Cap Fund - Regular Plan - Growth Option,Flexi Cap,13.89,3.88,-1.37,12.78,10.89,32.92,Very High
152848,Samco Multi Cap Fund - Regular Plan - Growth,Multi Cap,11.43,1.67,-12.89,15.17,13.01,49.66,Very High
153307,BAJAJ FINSERV MULTI CAP FUND - REGULAR - GROWTH,Multi Cap,15.02,1.35,3.67,15.17,13.01,32.82,High
103174,Aditya Birla Sun Life Large Cap Fund-Growth,Large Cap,13.13,20.27,-4.51,10.4,10.85,18.33,Low
127040,Motilal Oswal Midcap Fund-Regular - IDCW Payout/Reinvestment,Mid Cap,19.2,12.37,-12.8,12.75,14.56,41.45,Very High
119159,Tata Large Cap Fund- Direct Plan - Payout of IDCW Option,Large Cap,15.73,13.52,-6.54,9.7,10.62,27.88,High
104514,quant Large & Mid Cap Fund - IDCW Option - Regular Plan,Large & Mid Cap,15.39,19.63,4.0,16.46,16.01,16.59,Low
103024,SBI LARGE & MIDCAP FUND- REGULAR PLAN -Growth,Mid Cap,13.02,20.27,2.65,14.42,13.99,14.25,Low
130502,HDFC Small Cap Fund - Growth Option,Small Cap,15.09,12.03,-3.25,12.66,15.45,29.96,High
105805,Aditya Birla Sun Life Small Cap Fund -Regular - IDCW,Small Cap,17.63,19.11,1.86,8.8,5.75,10.98,Low
150439,quant Large Cap Fund - IDCW Option - Direct Plan,Large Cap,16.18,3.91,5.25,15.96,10.305,29.25,High
153645,TRUSTMF MULTI CAP FUND -REGULAR PLAN-GROWTH,Multi Cap,14.79,0.96,1.3650000000000002,15.17,13.01,35.69,Very High
119201,Tata Large & Mid Cap Fund Direct Plan - Payout of IDCW Option,Large & Mid Cap,16.09,13.52,-11.53,7.19,10.53,32.4,High
149887,SBI Multicap Fund- Direct Plan - Income Distribution cum Capital Withdrawal Option (IDCW),Multi Cap,13.14,4.32,-1.6,14.9,13.01,34.82,Very High
100471,Franklin India Large Cap Fund-Growth,Large Cap,12.87,20.27,-3.0,10.45,8.93,15.54,Low
148616,UTI Small Cap Fund - Regular Plan - IDCW (Payout),Small Cap,16.03,5.54,1.98,15.76,15.2,32.34,High
147704,Motilal Oswal Large and Midcap Fund - Direct Plan Growth,Mid Cap,18.5,6.72,5.44,23.71,20.54,35.98,Very High
150570,Sundaram Flexicap Fund Regular Plan IDCW Reinvestment,Flexi Cap,16.22,3.84,-16.4,3.01,10.89,46.32,Very High
147750,Union Large & Midcap Fund - Direct Plan - Growth Option,Mid Cap,14.85,6.57,3.18,14.5,13.85,28.02,High
101161,Nippon India Multi Cap Fund-Growth Plan-Growth Option,Multi Cap,13.85,20.27,-0.42,16.3,18.86,22.0,Low
118276,CANARA ROBECO FLEXICAP FUND - DIRECT PLAN - IDCW (Payout/Reinvestment),Flexi Cap,14.49,13.52,-5.59,7.04,6.46,22.46,Moderate
148734,ITI Mid Cap Fund - Regular Plan - IDCW Option,Mid Cap,16.75,5.33,1.52,17.22,12.77,33.4,Very High
152235,Motilal Oswal Small Cap Fund - Direct IDCW,Small Cap,16.93,2.53,15.81,15.684999999999999,15.285,20.98,Low
118616,Edelweiss Large Cap Fund - Direct Plan - IDCW Option,Large Cap,13.82,13.5,-7.59,6.4,6.22,23.96,Moderate
120492,JM Flexicap Fund (Direct) - Growth Option,Flexi Cap,14.67,13.52,-0.46,17.01,17.67,28.69,High
153627,JM Large & Mid Cap Fund (Regular) - Growth Option,Large & Mid Cap,14.93,0.94,0.45,14.77,12.63,36.35,Very High
105001,Sundaram Large and Midcap Fund Regular Plan - Growth,Mid Cap,15.45,19.35,4.65,14.47,13.23,13.53,Low
147945,BANDHAN SMALL CAP FUND - REGULAR PLAN IDCW,Small Cap,16.46,6.37,-0.57,18.39,12.37,35.37,Very High
154045,Abakkus Flexi Cap Fund - Direct - IDCW,Flexi Cap,17.32,0.53,-1.0350000000000001,12.55,10.89,37.09,Very High
151232,Tata Multicap Fund - Direct Plan - Growth,Multi Cap,14.66,3.41,8.37,13.58,13.01,24.26,Moderate
150817,Canara Robeco Mid Cap Fund- Direct Plan- Growth Option,Mid Cap,15.85,3.59,6.47,20.22,14.23,32.44,High
144906,Shriram Flexi Cap Fund - Direct-IDCW,Flexi Cap,13.45,7.75,-2.38,9.5,9.91,27.51,High
135680,Navi Large & Midcap Fund - Regular Normal IDCW Payout,Mid Cap,15.57,10.59,0.74,9.61,11.15,22.85,Moderate
151380,ITI Flexi Cap Fund- Direct Plan- IDCW,Flexi Cap,15.18,3.38,4.82,19.09,10.89,32.91,High
102920,CANARA ROBECO LARGE AND MID CAP FUND - REGULAR PLAN - GROWTH OPTION,Large & Mid Cap,14.77,20.27,-2.92,12.89,11.42,18.97,Low
141951,BANK OF INDIA Mid Cap Tax Fund Series 1 Regular Plan IDCW,Mid Cap,16.46,8.37,4.26,15.78,12.84,26.14,Moderate
118478,BANDHAN Large Cap Fund-Direct Plan-IDCW,Large Cap,14.27,13.5,-5.29,3.97,5.1,19.59,Low
141414,Navi Large & Midcap Fund - Direct Annual IDCW Payout,Mid Cap,15.57,8.3,2.55,11.67,13.28,25.46,Moderate
101593,HSBC Large Cap Fund - Regular IDCW,Large Cap,16.94,20.27,-9.76,1.1,2.59,15.93,Low
129048,Motilal Oswal Flexi Cap Fund Regular Plan-Growth Option,Flexi Cap,16.63,12.2,-6.4,18.2,11.77,35.63,Very High
108594,BANDHAN Flexi Cap Fund - Regular Plan - Growth,Flexi Cap,12.77,18.1,-0.68,12.36,11.29,17.42,Low
153728,Bank of India Mid Cap Fund - Direct Plan Growth,Mid Cap,15.13,0.87,2.55,15.905000000000001,14.23,35.62,Very High
101594,HSBC Large Cap Fund - Regular Growth,Large Cap,14.09,20.27,-0.95,10.7,10.28,14.54,Low
150387,Baroda BNP Paribas Flexi Cap Fund - Direct Plan - Growth Option,Flexi Cap,13.89,3.88,-0.18,14.2,10.89,32.62,High
105875,DSP Flexi Cap Fund - Regular Plan - Growth,Flexi Cap,14.21,19.09,-1.05,12.71,10.66,17.36,Low
149766,Invesco India Flexi Cap Fund - Regular Plan - Growth,Flexi Cap,16.07,4.39,0.47,18.28,10.89,35.75,Very High
150582,WhiteOak Capital Mid Cap Fund Direct Plan IDCW,Mid Cap,14.59,3.84,12.71,24.97,14.23,31.28,High
152407,Bajaj Finserv Large and Mid Cap Fund- Regular Plan- IDCW,Large & Mid Cap,14.32,2.36,-1.62,14.77,12.63,37.01,Very High
112099,Invesco India Largecap Fund - Regular Plan - IDCW (Payout / Reinvestment),Large Cap,18.03,16.87,-10.44,1.69,2.96,21.04,Low
150912,Mahindra Manulife Small Cap Fund - Regular Plan - Growth,Small Cap,16.7,3.57,9.57,21.66,15.285,31.14,High
148732,ITI Mid Cap Fund - Regular Plan - Growth Option,Mid Cap,16.21,5.33,6.62,20.96,14.92,31.45,High
153910,Helios Small Cap Fund - Direct Plan - IDCW Option,Small Cap,19.55,0.61,3.775,15.684999999999999,15.285,36.63,Very High
119565,Sundaram Large and Midcap Direct Plan - Income Distribution cum Capital Withdrawal (IDCW),Mid Cap,17.12,13.52,-1.3,7.47,7.96,19.74,Low
151036,HSBC Midcap Fund - Direct Growth,Mid Cap,16.37,3.61,17.19,26.64,14.23,31.82,High
109831,quant Flexi Cap Fund - IDCW Option - Regular Plan,Flexi Cap,16.41,17.72,7.76,17.01,15.21,14.67,Low
119133,Groww Largecap Fund (formerly known as Indiabulls Blue Chip Fund) - Direct Plan - Growth Option,Large Cap,13.56,13.52,-0.48,11.89,11.63,21.97,Low
153099,Groww Multicap Fund - Regular - IDCW,Multi Cap,15.75,1.56,11.6,15.17,13.01,24.46,Moderate
119720,SBI Large & Midcap Fund - Direct Plan - Income Distribution cum Capital Withdrawal Option (IDCW),Mid Cap,13.02,13.52,3.49,15.41,14.95,21.14,Low
144309,BANK OF INDIA Midcap Tax Fund Series 2 Direct Plan IDCW,Mid Cap,16.13,7.7,0.9,14.95,11.9,29.42,High
147184,ITI Multi Cap Fund - Regular Plan - Growth Option,Multi Cap,15.2,7.15,6.31,17.18,12.23,25.79,Moderate
119589,Sundaram Small Cap Fund Direct Plan - Growth,Small Cap,16.97,13.52,11.04,20.0,18.39,18.83,Low
141415,Navi Large & Midcap Fund - Direct Half Yearly IDCW Payout,Mid Cap,15.57,8.23,2.55,11.67,13.27,25.53,Moderate
144314,BANK OF INDIA Midcap Tax Fund Series 2 Regular Plan Growth,Mid Cap,16.16,7.7,0.69,15.04,11.66,29.65,High
148351,ITI Large Cap Fund - Regular Plan - Growth Option,Large Cap,15.01,5.53,-4.68,9.4,8.7,32.21,High
152816,PGIM India Multi Cap Fund - Regular Plan - Growth Option,Multi Cap,14.08,1.82,4.36,15.17,13.01,31.21,High
152383,PGIM India Large and Midcap Fund - Regular Plan - Growth Option,Mid Cap,14.07,2.4,-2.05,15.905000000000001,14.23,38.84,Very High
151290,HSBC Multi Cap Fund - Direct - Growth,Multi Cap,15.05,3.43,6.15,21.28,13.01,33.62,Very High
152232,Motilal Oswal Small Cap Fund - Regular - Growth,Small Cap,16.93,2.53,14.48,15.684999999999999,15.285,21.65,Low
118632,Nippon India Large Cap Fund - Direct Plan Growth Plan - Growth Option,Large Cap,13.29,13.52,-1.7,13.72,15.99,26.86,Moderate
144903,Shriram Flexi Cap Fund - Regular-IDCW,Flexi Cap,13.45,7.75,-3.9,7.83,8.16,27.29,Moderate
101539,Sundaram Mid Cap Fund Regular Plan - Growth,Mid Cap,15.38,20.27,6.28,21.18,17.97,17.46,Low
100332,LIC MF Large Cap Fund-Regular Plan-IDCW,Large Cap,13.87,20.27,-6.93,7.59,7.6,17.93,Low
119346,BANK OF INDIA Large & Mid Cap Fund Direct Plan-Regular IDCW,Large & Mid Cap,13.29,13.52,5.01,16.01,13.83,19.43,Low
152649,Motilal Oswal Multi Cap Fund Regular Plan IDCW,Multi Cap,17.43,2.05,-3.7,15.17,13.01,41.32,Very High
125495,SBI Small Cap Fund - Regular Plan - Income Distribution cum Capital Withdrawal Option (IDCW),Small Cap,14.14,12.64,1.89,13.02,13.84,22.31,Moderate
154215,Abakkus Small Cap Fund - Direct Plan - Growth,Small Cap,14.39,0.31,3.775,15.684999999999999,15.285,34.88,Very High
120657,UTI Large Cap Fund - Direct Plan - IDCW,Large Cap,13.2,13.52,-7.16,6.62,6.18,23.32,Moderate
125352,Axis Small Cap Fund - Regular Plan - IDCW,Small Cap,17.41,12.59,-5.12,6.25,6.25,23.43,Moderate
135678,Navi Large & Midcap Fund- Regular Plan- Growth Option,Mid Cap,15.57,10.59,0.74,9.61,11.15,22.85,Moderate
150799,WhiteOak Capital Large Cap Fund Regular Plan Growth,Large Cap,12.64,3.6,-1.39,12.88,10.305,32.55,High
147706,Motilal Oswal Large and Midcap Fund Direct - IDCW Payout/Reinvestment,Mid Cap,18.98,6.72,-1.92,15.6,12.46,35.34,Very High
120826,quant Large & Mid Cap Fund - Growth Option-Direct Plan,Large & Mid Cap,15.39,13.5,5.29,17.91,17.61,22.97,Moderate
146769,HSBC Large & Mid Cap Fund - Regular IDCW,Large & Mid Cap,18.43,7.27,-0.71,8.02,6.95,25.62,Moderate
102883,Franklin India Large & Mid Cap Fund - Growth Plan,Large & Mid Cap,13.56,20.27,-2.45,13.08,10.95,17.87,Low
151132,HSBC Small Cap Fund - Direct IDCW,Small Cap,19.45,3.61,-4.35,8.25,15.285,39.82,Very High
153964,Parag Parikh Flexi Cap Fund - Direct Plan - IDCW,Flexi Cap,9.57,0.69,-1.0350000000000001,12.55,10.89,33.86,Very High
108597,Bandhan Large & Mid Cap Fund - Regular Plan - IDCW,Large & Mid Cap,16.95,18.1,-5.85,8.2,7.97,20.65,Low
149104,Mahindra Manulife Flexi Cap Fund - Direct Plan -Growth,Flexi Cap,13.37,4.87,-2.93,12.6,10.89,33.35,Very High
118826,Mirae Asset Large Cap Fund Direct IDCW,Large Cap,14.62,13.52,-9.2,4.67,6.74,25.51,Moderate
152822,ITI Large & Midcap Fund - Regular Plan - IDCW Option,Mid Cap,16.44,1.82,-1.62,15.905000000000001,14.23,39.87,Very High
118510,Franklin India Large & Mid Cap Fund - Direct - Growth,Large & Mid Cap,13.56,13.52,-1.78,13.9,11.76,24.77,Moderate
152004,LIC MF Small Cap Fund-Direct Plan-Growth,Small Cap,17.56,2.94,10.48,15.684999999999999,15.285,25.95,Moderate
153872,THE WEALTH COMPANY FLEXI CAP FUND - DIRECT GROWTH,Flexi Cap,16.36,0.73,-1.0350000000000001,12.55,10.89,36.51,Very High
152129,Baroda BNP Paribas Small Cap Fund - Direct Plan - IDCW option,Small Cap,15.02,2.69,4.53,15.684999999999999,15.285,31.9,High
103616,SBI Large Cap Fund - Regular Plan - Income Distribution cum Capital Withdrawal Option (IDCW),Large Cap,13.32,20.27,-1.16,9.91,11.02,14.48,Low
154102,Groww Small Cap Fund-Regular-Growth,Small Cap,19.92,0.43,3.775,15.684999999999999,15.285,36.95,Very High
100177,quant Small Cap Fund - Growth - Regular Plan,Small Cap,15.64,20.27,7.92,20.19,18.8,15.37,Low
108465,ICICI Prudential Large Cap Fund (erstwhile Bluechip Fund)  - IDCW,Large Cap,15.09,18.12,-11.01,3.68,3.83,20.83,Low
118989,HDFC Mid Cap Fund - Growth Option - Direct Plan,Mid Cap,14.1,13.52,5.28,20.54,20.58,25.61,Moderate
110603,BANK OF INDIA Large & Mid Cap Fund Regular Plan- Growth,Large & Mid Cap,13.29,17.69,3.65,14.72,12.63,15.38,Low
145678,BANK OF INDIA Small Cap Fund Direct Plan Growth,Small Cap,16.89,7.53,16.32,23.06,20.46,22.09,Moderate
145208,Tata Small Cap Fund-Regular Plan-Growth,Small Cap,16.81,7.66,-7.82,11.37,14.37,38.82,Very High
140227,Edelweiss Mid Cap Fund - Direct Plan - IDCW Option,Mid Cap,15.32,9.61,5.82,24.18,18.85,31.21,High
148990,ICICI Prudential Flexicap Fund - Direct Plan - Growth,Flexi Cap,15.39,4.97,7.22,16.92,10.89,26.98,Moderate
154268,The Wealth Company Small Cap Fund- Regular-Growth,Small Cap,14.03,0.28,3.775,15.684999999999999,15.285,34.77,Very High
152817,PGIM India Multi Cap Fund - Direct Plan - IDCW Option,Multi Cap,14.09,1.82,6.2,15.17,13.01,29.19,High
144545,TATA Flexi Cap Fund Regular Plan - Reinvestment of Income Distribution cum capital withdrawal option ,Flexi Cap,13.75,7.83,-9.12,10.13,9.26,35.16,Very High
133839,PGIM India Flexi Cap Fund - Direct Plan - Growth Option,Flexi Cap,13.72,11.34,-0.02,10.91,10.35,22.42,Moderate
125494,SBI Small Cap Fund - Regular Plan - Growth,Small Cap,14.14,12.64,1.89,13.02,13.84,22.31,Moderate
112090,Kotak Flexicap Fund - Growth,Flexi Cap,14.47,16.81,-2.11,13.0,11.75,21.62,Low
107352,Invesco India Multicap Fund - Regular Plan - IDCW (Payout / Reinvestment),Multi Cap,16.21,18.31,-2.82,14.24,12.08,22.58,Moderate
130499,HDFC Large and Mid Cap Fund - IDCW Option - Direct Plan,Large & Mid Cap,15.64,12.03,-4.83,10.26,12.0,28.55,High
100664,UTI Large & Mid Cap Fund - Regular Plan - Growth Option,Large & Mid Cap,13.45,20.27,1.15,17.02,15.17,18.33,Low
110601,BANK OF INDIA Large & Mid Cap Fund Eco Plan-Bonus,Large & Mid Cap,13.28,17.69,4.41,15.54,13.31,15.39,Low
103166,Aditya Birla Sun Life Flexi Cap Fund - Growth - Regular Plan,Flexi Cap,13.26,20.27,4.8,15.51,12.32,12.04,Low
120491,JM Flexicap Fund (Direct) - IDCW,Flexi Cap,14.67,13.52,-0.46,17.01,17.67,28.69,High
149534,Sundaram Focused Fund (Formerly Known as Principal Focused Multicap Fund)- Direct Plan - Income Distribution CUM Capital Withdrawal Option (IDCW),Multi Cap,14.82,4.51,-7.92,3.27,13.01,38.12,Very High
149387,Axis Multicap Fund - Regular Plan - IDCW,Multi Cap,14.9,4.54,-1.11,17.05,13.01,36.28,Very High
149366,HDFC Multi Cap Fund - Growth Option,Multi Cap,14.2,4.58,-3.36,13.96,13.01,36.36,Very High
150573,Sundaram Flexicap Fund Direct Plan IDCW Payout,Flexi Cap,16.18,3.84,-15.19,4.53,10.89,45.43,Very High
153868,Samco Small Cap Fund - Direct Plan,Small Cap,18.24,0.58,3.775,15.684999999999999,15.285,36.14,Very High
106236,NIPPON INDIA LARGE CAP FUND - IDCW Option,Large Cap,82.02,18.92,-6.82,5.81,6.77,44.68,Very High
119076,DSP Flexi Cap Fund - Direct Plan - Growth,Flexi Cap,14.21,13.52,-0.0,13.89,11.84,23.06,Moderate
103820,DSP Large & Mid Cap Fund - Regular Plan - IDCW,Large & Mid Cap,16.37,20.27,-9.06,6.38,3.33,18.51,Low
107579,Mirae Asset Large Cap Fund Regular IDCW,Large Cap,14.63,18.25,-10.09,3.69,5.7,20.66,Low
112277,Axis Large Cap Fund - Regular Plan - Growth,Large Cap,13.09,16.5,-3.39,8.6,7.12,17.77,Low
100176,quant Small Cap Fund - IDCW Option - Regular Plan,Small Cap,15.64,20.27,7.92,20.19,18.83,15.38,Low
154214,Abakkus Small Cap Fund - Regular  Plan - Growth,Small Cap,14.4,0.31,3.775,15.684999999999999,15.285,34.89,Very High
120356,Invesco India Large & Mid Cap Fund - Direct Plan - IDCW (Payout / Reinvestment),Large & Mid Cap,17.9,13.52,0.45,18.33,15.22,28.54,High
125350,Axis Small Cap Fund - Regular Plan - Growth,Small Cap,14.71,12.59,3.77,15.87,16.06,23.3,Moderate
154267,The Wealth Company Small Cap Fund- Regular-IDCW,Small Cap,14.03,0.28,3.775,15.684999999999999,15.285,34.77,Very High
152225,Whiteoak Capital Large & Mid Cap Fund Regular Plan Growth,Large & Mid Cap,13.27,2.54,3.47,14.77,12.63,30.73,High
153630,JM Large & Mid Cap Fund (Direct) - IDCW,Large & Mid Cap,14.93,0.94,0.45,14.77,12.63,36.35,Very High
101163,NIPPON INDIA MULTI CAP FUND - IDCW Option,Multi Cap,72.01,20.27,-7.54,7.25,10.26,43.17,Very High
148507,Sundaram Large Cap Fund (Formerly Known as Sundaram Blue Chip Fund)Direct Plan - Growth,Large Cap,12.79,5.74,-2.93,9.38,10.45,30.14,High
152128,Baroda BNP Paribas Small Cap Fund - Direct Plan - Growth option,Small Cap,15.02,2.69,4.53,15.684999999999999,15.285,31.9,High
106235,Nippon India Large Cap  Fund- Growth Plan -Growth Option,Large Cap,13.29,18.92,-2.48,12.76,15.01,21.26,Low
149183,Kotak Multicap Fund- Regular Plan -IDCW Option,Multi Cap,16.49,4.76,-3.38,15.46,13.01,38.08,Very High
120842,quant Flexi Cap Fund - IDCW Option - Direct Plan,Flexi Cap,16.41,13.5,8.99,18.36,16.55,19.01,Low
149365,HDFC Multi Cap Fund - IDCW Option,Multi Cap,15.14,4.58,-7.62,10.43,13.01,39.67,Very High
133711,LIC MF Large & Mid Cap Fund-Regular Plan-Growth,Large & Mid Cap,14.88,11.37,-0.45,15.13,12.56,27.15,Moderate
149367,HDFC Multi Cap Fund - IDCW Option - Direct Plan,Multi Cap,15.06,4.58,-6.54,11.72,13.01,39.04,Very High
150572,Sundaram Flexicap Fund Direct Plan IDCW Reinvestment,Flexi Cap,16.18,3.84,-15.19,4.53,10.89,45.43,Very High
148352,ITI Large Cap Fund - Direct Plan - IDCW Option,Large Cap,15.71,5.53,-7.91,9.53,9.7,36.76,Very High
148504,Sundaram Large Cap Fund(Formerly Known as Sundaram Blue Chip Fund) Regular Plan - Growth,Large Cap,12.79,5.74,-4.14,7.99,8.95,29.87,High
120663,UTI Flexi Cap Fund - Direct Plan - IDCW,Flexi Cap,13.93,13.52,-4.17,8.78,5.6,21.49,Low
154156,Parag Parikh Large Cap Fund - Direct Plan - IDCW,Large Cap,17.82,0.42,-3.15,10.39,10.305,38.14,Very High
120166,Kotak Flexicap Fund - Growth - Direct,Flexi Cap,14.47,13.51,-1.28,13.97,12.74,25.08,Moderate
129648,Union Small Cap Fund - Regular Plan - IDCW Option,Small Cap,21.3,12.06,1.7,14.2,13.83,26.57,Moderate
152612,JM Small Cap Fund (Regular) - Growth Option,Small Cap,19.96,2.04,10.4,15.684999999999999,15.285,27.89,High
119527,Aditya Birla Sun Life Large Cap Fund-DIRECT - IDCW,Large Cap,14.54,13.52,-9.55,3.64,4.53,23.95,Moderate
119250,DSP Large Cap Fund - Direct Plan - Growth,Large Cap,12.33,13.52,-4.07,13.16,11.41,26.2,Moderate
149667,Sundaram Multi Cap Fund (Formerly Known as Principal Multi Cap Growth Fund)-Growth Option,Multi Cap,14.57,4.51,-0.51,14.22,13.01,33.53,Very High
101823,Tata Large & Mid Cap Fund Regular Plan - Payout of IDCW Option,Large & Mid Cap,17.15,20.27,-14.6,5.16,8.75,27.42,High
120597,ICICI Prudential Large & Mid Cap Fund - Direct Plan - IDCW,Large & Mid Cap,14.28,13.52,-2.33,12.06,12.04,24.66,Moderate
102001,HDFC Large Cap Fund - IDCW Option - Regular Plan,Large Cap,17.18,20.27,-11.12,0.67,1.78,16.82,Low
148508,Sundaram Large Cap Fund (Formerly Known as Sundaram Blue Chip Fund) Direct Plan - Payout of Income Distribution cum Capital Withdrawal (IDCW),Large Cap,14.82,5.74,-9.51,2.6,3.6,30.68,High
152237,Motilal Oswal Small Cap Fund - Direct - Growth,Small Cap,16.93,2.53,15.81,15.684999999999999,15.285,20.98,Low
147920,ITI Small Cap Fund - Regular Plan - Growth Option,Small Cap,17.22,6.39,11.73,24.5,15.66,29.5,High
145138,Invesco India Smallcap Fund - Direct Plan - IDCW (Payout / Reinvestment),Small Cap,18.0,7.69,1.88,13.35,14.25,29.21,High
153629,JM Large & Mid Cap Fund (Direct) - Growth Option,Large & Mid Cap,14.93,0.94,0.45,14.77,12.63,36.35,Very High
119017,HDFC Large Cap Fund - IDCW Option - Direct Plan,Large Cap,16.33,13.52,-9.19,2.69,3.71,23.26,Moderate
120152,Kotak Large Cap  Fund - Growth - Direct,Large Cap,13.27,13.52,-2.3,12.06,11.76,24.08,Moderate
103173,Aditya Birla Sun Life Large Cap Fund-Regular - IDCW,Large Cap,14.54,20.27,-10.13,2.96,3.83,17.09,Low
148981,BANK OF INDIA Large Cap Fund Direct Plan IDCW,Large Cap,13.91,5.02,4.08,14.37,11.89,27.27,Moderate
100033,Aditya Birla Sun Life Large & Mid Cap Fund - Regular Growth,Large & Mid Cap,15.09,20.27,1.18,12.24,8.85,13.09,Low
153911,Helios Small Cap Fund - Regular Plan - IDCW Option,Small Cap,19.54,0.61,3.775,15.684999999999999,15.285,36.62,Very High
147186,ITI Multi Cap Fund - Direct Plan - IDCW Option,Multi Cap,15.57,7.15,3.59,16.04,12.51,27.84,High
148353,ITI Large Cap Fund - Direct Plan - Growth Option,Large Cap,15.01,5.53,-2.97,11.45,10.86,32.65,High
119557,Aditya Birla Sun Life Small Cap Fund -Direct - IDCW,Small Cap,17.63,13.52,2.86,9.91,6.84,16.67,Low
148472,Baroda BNP Paribas Large and Mid Cap Fund-Regular plan-IDCW Option,Large & Mid Cap,18.05,5.83,-10.27,4.21,4.65,34.2,Very High
106871,LIC MF Large Cap Fund-Regular Plan-Growth,Large Cap,13.87,18.69,-6.93,7.59,7.6,19.51,Low
146130,CANARA ROBECO SMALL CAP FUND - DIRECT PLAN - GROWTH OPTION,Small Cap,15.7,7.39,2.25,15.14,17.5,31.16,High
138308,PGIM India Large Cap Fund - Growth,Large Cap,13.54,10.34,-4.64,7.06,7.18,24.59,Moderate
152737,Franklin India Multi Cap Fund - Direct - IDCW,Multi Cap,15.33,1.95,4.24,15.17,13.01,31.71,High
152783,BAJAJ FINSERV LARGE CAP FUND - DIRECT PLAN - GROWTH,Large Cap,13.18,1.88,-0.14,10.39,10.305,31.45,High
147185,ITI Multi Cap Fund - Regular Plan - IDCW Option,Multi Cap,15.71,7.15,1.44,13.79,10.27,27.79,High
100348,ICICI Prudential Large & Mid Cap Fund - IDCW,Large & Mid Cap,15.72,20.27,-6.72,7.22,7.45,18.13,Low
111937,Edelweiss Large Cap Fund -Plan C - Growth option,Large Cap,13.27,17.14,-3.67,9.77,10.62,20.09,Low
145112,Axis Large & Mid Cap Fund - Regular Plan - Growth,Large & Mid Cap,13.5,7.7,4.05,15.11,12.54,25.25,Moderate
120412,Invesco India Multicap Fund - Direct Plan - IDCW (Payout / Reinvestment),Multi Cap,16.22,13.52,-1.66,15.63,13.51,27.64,High
110598,BANK OF INDIA Large & Mid Cap Fund Regular Plan- Quarterly IDCW,Large & Mid Cap,13.29,17.69,3.64,14.73,12.63,15.4,Low
146551,Mahindra Manulife Large Cap Fund - Regular Plan - Growth,Large Cap,12.8,7.31,-6.52,9.2,9.16,31.77,High
120489,JM Large Cap Fund (Direct) - IDCW,Large Cap,14.16,13.51,-1.25,12.33,12.57,23.86,Moderate
145209,TATA Small Cap Fund Direct Plan - Reinvestment of Income Distribution cum capital withdrawal option ,Small Cap,17.18,7.66,-9.77,11.62,15.37,41.95,Very High
152941,Helios Large & Mid Cap Fund - Direct Plan - Growth Option,Large & Mid Cap,15.99,1.68,7.61,14.77,12.63,28.11,High
149031,PGIM India Small Cap Fund - Direct Plan - IDCW Option,Small Cap,18.36,4.94,-1.64,9.11,15.285,35.36,Very High
120392,Invesco India Largecap Fund - Direct Plan - Growth,Large Cap,14.88,13.52,1.71,15.0,14.11,23.19,Moderate
101228,ICICI Prudential Multicap Fund - Growth,Multi Cap,15.87,20.27,4.79,17.33,15.83,15.71,Low
151823,Canara Robeco Multi Cap Fund - Regular Plan - IDCW Option,Multi Cap,14.96,2.94,-5.15,15.17,13.01,41.08,Very High
129649,Union Small Cap Fund - Direct Plan - Growth Option,Small Cap,18.24,12.06,16.4,20.41,17.94,15.41,Low
152652,Motilal Oswal Multi Cap Fund-Direct Plan IDCW,Multi Cap,17.43,2.05,-2.53,15.17,13.01,40.01,Very High
154154,Parag Parikh Large Cap Fund - Regular Plan - Growth,Large Cap,17.83,0.42,-3.15,10.39,10.305,38.15,Very High
151443,Bank of India Multi Cap Fund Direct Plan - Growth,Multi Cap,13.87,3.35,10.83,21.16,13.01,29.06,High
119134,Groww Largecap Fund (formerly known as Indiabulls Bluechip Fund)- Direct Plan- - Income Distribution cum capital withdrawal Option (Payout & Reinvestment),Large Cap,13.6,13.52,-0.56,11.87,11.61,22.05,Low
151292,HSBC Multi Cap Fund - Regular - IDCW,Multi Cap,16.88,3.43,-4.67,12.15,13.01,39.02,Very High
120822,quant Multi Cap Fund-IDCW Option - Direct Plan,Multi Cap,15.26,13.5,3.81,12.95,13.82,19.68,Low
148980,BANK OF INDIA Large Cap Fund Direct Plan Growth,Large Cap,13.85,5.02,4.07,14.41,11.93,27.3,Moderate
118650,Nippon India Multi Cap Fund - Direct Plan Growth Plan - Growth Option,Multi Cap,13.85,13.52,0.34,17.22,19.76,28.9,High
149368,HDFC Multi Cap Fund - Growth Option - Direct Plan,Multi Cap,14.2,4.58,-2.49,15.12,13.01,36.12,Very High
120164,Kotak-Small Cap Fund - Growth - Direct,Small Cap,15.43,13.52,0.36,14.29,14.57,24.77,Moderate
129646,Union Small Cap Fund - Direct Plan - IDCW Option,Small Cap,21.52,12.06,2.33,15.35,14.94,27.23,Moderate
148982,BANK OF INDIA Large Cap Fund Regular Plan Growth,Large Cap,13.9,5.02,2.54,12.95,10.49,27.4,Moderate
